code,label
a9ce9ce8-fe7c-47b8-aea6-96e9f41823a3_MALDI1,S
13e339ec-c31f-4d43-b627-39ba32c67a6b_MALDI1,S
0fc3ba0e-b595-449b-8e4a-b985c43b4f3b_MALDI1,S
6e944fea-2762-4568-ad5a-6c00be2092b5_MALDI1,S
a594d040-2c80-45b1-9ae7-4c3d9d5af051_MALDI1,S
cdd08470-b152-4a8f-9dbe-2bab0f0be3ea_MALDI1,S
c7f411f8-aa1d-4893-9cfe-069885edb423_MALDI1,S
f6aca6c3-6e4b-47b7-b9a1-6f250a022b51_MALDI1,R
8eec8d20-8833-45aa-ac30-355e3b670003_MALDI1,R
58314a67-5016-4032-bd93-ecbdbc4fee03_MALDI1,R
03ef6907-c6be-4c61-ba65-209573596248_MALDI1,S
de6cea62-ec64-450c-8900-33f5e7646728_MALDI1,R
a5fc4e47-6597-44c5-a164-bf6d59c145ed_MALDI1,R
ee7d6a72-3282-40dc-ab20-7cbf1e54deeb_MALDI1,R
5f2478da-1574-4999-8561-d8eb49f3fe6a_MALDI1,R
d4f57ead-e0a0-4ed3-8607-0d359fc1e259_MALDI1,R
3a452423-8b0f-4d8e-a90b-e99465dc24d6_MALDI1,S
051ad411-727f-4da4-8a85-a7704d6f3b78_MALDI1,S
03c4eaca-47ee-43fb-9df3-c6793814a845_MALDI1,S
2402dda1-3c55-49d9-83ea-daa54e54ac58_MALDI1,S
69264650-a88c-4d9c-aebf-7950d8d4c244_MALDI1,R
4eeb4564-a590-4ba5-bc71-06666d014110_MALDI1,R
d4a7b02d-912b-424f-afea-9d4ab5d5cccd_MALDI1,R
6771b9c4-c7ff-48c5-b125-e10b4fbd912e_MALDI1,R
ec79f95d-1031-4497-a83b-e3bebe3156e0_MALDI1,R
66d251db-d793-43c0-bb37-22d2cfaf4100_MALDI1,R
0a3d4f52-781b-4bd1-be60-f6d5e63861c4_MALDI1,R
378b13c4-e18d-4e07-9adb-a51f8abd3130_MALDI1,R
f0925ecf-50d3-45c3-b479-31d201855fe9_MALDI1,R
f9214679-57c6-4c44-8fce-70079de1040e_MALDI1,S
177e4815-ca5b-49ac-86d4-a1c852ea83a2_MALDI1,S
7d01ef00-114b-40ac-8860-927e357c90a1_MALDI1,R
630ba975-5654-4b3d-832a-3941e79d53b7_MALDI1,R
2822de44-9feb-4dc4-9516-f18e68276270_MALDI1,R
29c6196f-dfa4-4382-82fd-4cf7a8033d86_MALDI1,R
14d1085a-be15-4f39-a803-27eec502905b_MALDI1,R
afc22a43-0eb3-4331-874b-204173eaf425_MALDI1,R
7bdf87d7-0226-4454-9034-56cd6b3d5cae_MALDI1,R
cdbd3d4c-25b0-4f97-8e16-288efe8dab5e_MALDI1,S
f5bfb483-906a-4895-9e98-413aa0331f8c_MALDI1,R
0eb11f2f-49b0-491f-91b3-6fb35f125fe5_MALDI1,S
36748f66-dedb-49b1-b8ce-a1add4d05eee_MALDI1,R
38e484f8-f4af-453e-92d3-5fbfb1f46dac_MALDI1,R
302ccf92-c8b0-437f-9171-0098f55b3c9d_MALDI1,R
4e179c58-9a4a-494e-98db-8c6f127dc199_MALDI1,S
ea3237fe-707a-49af-87a8-8dc3be218c2f_MALDI1,R
8ecb0597-2659-4ef2-a9e6-b3acd79ef780_MALDI1,S
36cd8aff-969c-4df8-a743-7f570fd28ece_MALDI1,R
402fc5b5-9474-4092-ae5a-1e007b3fd31a_MALDI1,S
3d276818-17bb-4e8b-88ee-8c080b3da080_MALDI1,R
859cb62b-e7d7-4165-968c-8879842d6ae2_MALDI1,S
6610494b-ff3c-4ae2-aee3-3c4068c65887_MALDI1,S
95ad42c3-a252-4917-a12a-292a866c8362_MALDI1,S
5f05fadf-a67f-4919-8cac-18dabbfa9d24_MALDI1,S
81721f2c-fc24-40f1-9326-903a44b5d88c_MALDI1,S
5b1f12c2-67a0-404f-9c65-d06337de685b_MALDI1,S
4a7fbed5-8d12-4bfe-8103-8453ea8c271f_MALDI1,S
8a554e77-c9c9-4a5b-9603-0d710b2982f4_MALDI1,S
c71a88ab-9a13-4ab7-8347-905d9f7cfe71_MALDI1,R
fcb972ca-7a68-4232-b30c-7a150358916a_MALDI1,R
c01f7b3c-5bb9-4661-ade3-bd44dab54a44_MALDI1,R
ca803014-6be6-4233-91a9-7ac3c1947d80_MALDI1,R
096dc572-906c-46e5-8774-e0dd566fbbe4_MALDI1,R
8cfa0fdc-f8b0-495c-831c-e5dbfbd5cb84_MALDI1,R
be00c4f1-a333-48e3-a870-6bd23b744d91_MALDI1,R
539b842a-fcac-4739-b347-4648b0700380_MALDI1,R
605b8481-ba40-43f4-9122-de5ae6bb8b6b_MALDI1,S
becce678-83fd-4323-968f-e855ea52aa96_MALDI1,S
f87793a7-5612-4e6e-8a91-cba5890f6aee_MALDI1,R
49257a64-b530-4162-9c9e-b21f69e5fe1a_MALDI1,R
40b75698-5798-4469-8958-ffd508cc14a8_MALDI1,R
a9cde769-922b-4567-b320-1cf36029b55a_MALDI1,R
8b024879-8ef5-4cbe-9ed6-1610ee1697c3_MALDI1,S
02895fee-8644-4d5a-93d9-ab77a8538e09_MALDI1,S
b547c40a-0cf6-4b99-8990-768f2efd32e2_MALDI1,R
7f408527-e0be-4e77-bd07-7a979a3bc18e_MALDI1,S
d159ccb9-5dff-44d1-bfd8-719bf18898ef_MALDI1,R
ca6bbebd-85f6-46d8-84c6-55f47d0c74e1_MALDI1,S
96566166-8d70-42ec-a2c3-4e1fdf0105a2_MALDI1,S
2c51e40b-cf27-4ae7-b7b8-d3c90ba83dc9_MALDI1,R
e79f4bd7-c8c5-4c45-ac8b-93a0b6a4e3bd_MALDI1,R
2f1e9288-7131-4516-8635-5f05f5436d67_MALDI1,S
7b34c40a-5d99-4aeb-b598-e3fa259f5b13_MALDI1,S
401708e6-1e09-4c4f-9278-f1a3f3c48c32_MALDI1,R
b961f179-9fb2-4d83-9356-22714cf98f52_MALDI1,R
55e3c83f-1b16-4001-9903-77f878e2f5e7_MALDI1,S
94f67843-5739-48b6-855f-9e2b8684eda8_MALDI1,R
754b816e-ad76-4b48-b542-caeb60b01525_MALDI1,S
928da638-a43b-43e7-875f-5865b185805b_MALDI1,S
2acfb0f2-f635-42dc-90e4-a897543e8518_MALDI1,S
7ce9b53c-36a5-4ac8-aed3-e031b21af1d2_MALDI1,S
5886c202-5b49-48f6-8ee5-b8cf76ec06ab_MALDI1,S
d3771355-2f10-4408-b722-489d03c14a93_MALDI1,S
0488bcc8-ce45-4e94-b742-2ef420128f53_MALDI1,S
f4527081-fe50-402d-a435-4d5fbc29d335_MALDI1,R
a4c4feb5-e404-41b1-bd19-3a1d39bf159a_MALDI1,S
24b3aa17-bce8-47ca-b6af-25b29ea7c257_MALDI1,S
551465a0-ccc4-4a42-b074-d5627e69d323_MALDI1,S
21df1e80-a766-4bc6-b7cc-574b903a3e50_MALDI1,S
83fd28d9-cb67-4def-a680-1dfb4057962a_MALDI1,S
bce4fdec-09e0-4e91-be1c-c56892fbe388_MALDI1,R
cda4bb2c-bc45-4cde-8553-a4bf193378d0_MALDI1,R
d0f72869-caee-467e-97c0-0460a14903e9_MALDI1,S
c6c43c95-e509-4fb8-aed4-3e9cb59ea112_MALDI1,R
e71be1a6-c5cb-4195-ba73-3031121a3344_MALDI1,S
071cafd7-676f-4964-9f65-e758839bf7a6_MALDI1,S
6c4721d7-0d08-4114-a018-eedfcb34e05f_MALDI1,S
61d77cd5-8f38-423f-95b4-28b3e2d5fe3b_MALDI1,R
ff9d52e0-88f2-47a1-92df-73a95688ae19_MALDI1,S
c2769aa6-6b7f-422c-bff3-075c88368e34_MALDI1,R
f08f9e3c-25fa-4d0d-a397-17edbceeaa62_MALDI1,R
170187bd-2b38-4f7f-87ba-54da2e90cfdb_MALDI1,R
41ad97d3-3846-4bf9-b51c-cd1c04b4b48b_MALDI1,R
eea0158a-bf0b-4237-90db-8946bbc1aaed_MALDI1,R
c8e059d9-8233-41d5-9cee-affe9b3eec34_MALDI1,R
03f99b94-bbb6-4228-a9f2-11536d8174b9_MALDI1,R
47c0f7db-99ad-4774-a629-8e2adcaf8880_MALDI1,R
12c70c02-edd7-4390-be94-68304dabfcb5_MALDI1,R
49014a09-81d8-4a03-9f36-fe98794ddd3c_MALDI1,R
377e9bc8-8761-4044-90f4-7d6d82cb3e74_MALDI1,R
e8a989fb-f807-43bc-a9a3-fffcdea3b717_MALDI1,R
586ecd3d-0e9e-496c-b2ef-16314d565747_MALDI1,S
9b50dfa9-6693-4399-bb02-ba0930cadeb6_MALDI1,R
61a80a11-9f5a-41f8-b9a7-39881d170ec9_MALDI1,R
9f7de31b-4df4-4922-beec-d342694d564f_MALDI1,R
516b49a7-df78-4964-936e-c10e8bfbc17d_MALDI1,R
57e65f54-c044-4a71-825d-1dc501ffc062_MALDI1,R
40dd3248-944a-471d-a92c-45b9479c5bba_MALDI1,S
f0fc3a56-02fe-449a-9ab8-829415de08be_MALDI1,R
41ee8532-d7fb-4d7b-abbb-ef69eacbf65d_MALDI1,S
42f819e7-8c09-44e0-a438-1c158644574d_MALDI1,S
aeaf7192-418f-4e04-95b9-3fc421de08b8_MALDI1,S
4d184487-b131-4c50-b3fe-756ce20a2ed6_MALDI1,S
4b268500-982f-47b0-89c3-ac2ba746c898_MALDI1,R
8e54c762-7e18-44c4-9e56-78df593bdcdb_MALDI1,R
913b0e93-7e9f-494d-acd5-7479cd369ee4_MALDI1,S
74f60af5-e0d2-44ce-9eeb-736e56c6632e_MALDI1,S
5326312b-9806-47dc-8a6e-fbcc398b5d50_MALDI1,S
1fbfb088-4a40-4e29-a438-e25879985efb_MALDI1,R
7204b0d4-6648-4e35-87e8-9786ea299b0e_MALDI1,R
e764fccc-dae7-459f-9995-eac287e5f0e2_MALDI1,R
21e65572-818a-423a-9942-15b65bda5166_MALDI1,R
deee132b-4007-4d03-8b07-13929541ea0e_MALDI1,S
5e643df9-c372-4592-af14-1c030be04426_MALDI1,R
d4512dd3-49bb-411c-9253-cc6c1435e9ef_MALDI1,R
e447808f-d4b1-48e1-8c38-ec8c51f8af1a_MALDI1,S
b7088f87-81e2-43d7-a23b-ff61db3e7d8a_MALDI1,R
deb37212-33e0-4f54-9e79-1939ca4e48c1_MALDI1,S
3e4419b0-4703-4fe1-8fcb-b1aee72c2178_MALDI1,R
2bafa31d-1463-486e-a3e9-8ec826e1db9f_MALDI1,R
55a9ba59-14df-46dc-a8d5-ebe44b2897a2_MALDI1,S
5ac3db01-5415-40d6-8d00-55b9275603a7_MALDI1,S
9e618222-1abe-4766-9186-4cf31ab29d89_MALDI1,S
2f35e470-82c0-4626-be14-7104b01f0cde_MALDI1,S
8c962ad1-6417-41e2-81d3-2edbaa037ce8_MALDI1,S
5134632f-bbf1-4dfa-a343-e6947c3bc6ca_MALDI1,S
2ef65abe-2f9f-4c61-95c4-641e0a2d8dfa_MALDI1,S
a5fb2a15-47a8-47ff-a830-e013080b2ab7_MALDI1,R
3007aa61-8d7e-4d62-9890-9f84d5043554_MALDI1,R
69b60608-e23f-4742-b201-a379c485c33c_MALDI1,R
fcc16a49-c06c-46f0-bacd-ff470354b430_MALDI1,R
d04edad6-ccb8-42fe-b7dd-4719d66e0415_MALDI1,R
110d3d9e-5488-4ae9-9a69-b027189e7a56_MALDI1,S
fc7e3a64-4a34-4622-8fba-0566b230151f_MALDI1,S
517fe90a-b813-4a9e-9ce5-230cde8a4095_MALDI1,S
74437a1c-beb6-4a57-8512-6911f9aeb685_MALDI1,S
32bb3fa1-fb64-4d27-82bc-37b866d53fbc_MALDI1,R
3a7d6fc3-439f-48cd-8757-ceacae22af15_MALDI1,S
a2835990-decc-46ba-a9cb-4b5c904c25c6_MALDI1,S
df83b359-1e5a-4c03-983e-d83193bcd98f_MALDI1,S
35b56cae-f592-4e40-960f-b27dafde1850_MALDI1,R
ff7359c5-5a30-4e4e-9c6e-066e71ca38b6_MALDI1,R
69e72e47-754f-4521-862c-12b41c2b815e_MALDI1,R
f140ecdd-78e5-4729-b866-10d965f9f74d_MALDI1,R
9585fd71-ad15-4693-a80a-347cbeb3bbc6_MALDI1,R
ce7f0d2e-32a9-4a28-9806-31e470f6a0ee_MALDI1,S
c3bb5713-9cbb-48e5-bf71-b4c1d1582ac1_MALDI1,R
c0078d79-9edb-4bdc-ac5c-d596d3c9ad73_MALDI1,R
e59286e8-2d4b-4bb6-b1f8-1a5b89a44599_MALDI1,R
d48ed7d2-39e6-4126-be51-ee495de0ed6b_MALDI1,R
f83aaef0-1c7f-4b74-b7df-94829c75c13c_MALDI1,R
cc88f7f9-ff72-4b04-bd82-aff9c3ae88b4_MALDI1,R
b6816dbf-c67d-411f-bb01-85c3048d1198_MALDI1,R
66a284a4-ac53-4ea0-baa3-5b428fefab82_MALDI1,R
d7f0a9ed-264d-4eec-b47e-e0aa4f54fad8_MALDI1,R
c38c7e81-6279-4411-bae3-dd063a44ffa8_MALDI1,S
442e6fe7-18ff-4109-9797-b94549b5daff_MALDI1,S
b54bdafe-7a93-4c8a-9e68-ae03e1358169_MALDI1,S
af82d607-09ef-4a88-823f-c90331441cdf_MALDI1,R
00b2ed8e-1b22-41c1-80d7-4d1ae14de36c_MALDI1,S
686bf0b6-f9ae-4f99-b3ba-9989e9bd8b53_MALDI1,S
fe357c4c-a363-441e-9f7e-014e20bfb8b1_MALDI1,S
b89557be-8ca5-462d-9d01-dbaeffe57253_MALDI1,R
0ef36041-4a7a-49dc-b89e-ec75178d864a_MALDI1,R
b13c912d-7468-421c-b2f2-07f8db2e26a2_MALDI1,S
598e3259-eb15-49ed-939a-f68946637656_MALDI1,S
7d4b0b7b-8a6d-4334-9644-33607b119fd2_MALDI1,R
c1e8f845-9601-4bec-87f3-8db6fb708b53_MALDI1,R
cc9ec1ac-7d23-4399-9bd8-da309c13537b_MALDI1,R
5c8678c3-aac4-4a9e-b654-c5d9bf6f58b3_MALDI1,S
b35b1d1d-da01-4628-9333-696b8111fca4_MALDI1,R
d6df8460-7128-4279-a28b-3703222cf339_MALDI1,S
86d581f3-a430-438c-9cbc-98d770af2f85_MALDI1,S
a61cd80b-c68c-4a5e-a93f-080683eb778d_MALDI1,S
609952fd-1611-42bd-91a7-ac9eda5e6eaf_MALDI1,R
06363fa7-c7fa-42de-be5e-67fe97efb541_MALDI1,R
79caabfa-5df3-4586-bd18-19dbe57827d6_MALDI1,R
6f003ac3-dd21-4922-8dd5-059f2cfd29f3_MALDI1,S
b929fc2c-df45-46c9-a40d-9118859c7158_MALDI1,S
ee65e162-0707-4921-8863-0fade996705d_MALDI1,S
24756adc-8f10-4ebb-a1bc-6efdc57bcbaa_MALDI1,S
53949ccc-fcd0-4fe8-acaa-2c079081b3b1_MALDI1,S
a64353e7-ee9f-48c0-a30e-32072897b8bd_MALDI1,R
d1e0c194-a6b0-4fc9-b767-09f02825c47b_MALDI1,R
c4aaaf92-42ac-4c12-af25-bb0b7216a9d3_MALDI1,R
0d224c8e-92c1-4dc5-a341-693ceb194e3e_MALDI1,R
e9b54e31-53a7-4ec1-8f76-42d1b3f84c09_MALDI1,S
04e58520-1484-4a65-9ea6-1f99d1524bad_MALDI1,S
fa23e01a-b9cb-414a-955d-dc1a83c317a4_MALDI1,S
a46f6c56-844e-45b2-866b-8fbcd1547ac8_MALDI1,R
afd2ae15-9da0-4409-b6f7-520aefccdfcd_MALDI1,R
f7845091-bdc0-4b7c-9076-9340770650a3_MALDI1,S
6372e243-7ab5-45a1-819c-2c22b96b9673_MALDI1,R
d398d43d-3f5f-40f3-bf1c-e092488a3d5b_MALDI1,S
02102c40-3405-4ff9-97ba-ea08d07997f7_MALDI1,S
e468751f-5b6e-4686-b819-6c390935bcab_MALDI1,R
f8b4a9f2-0ef8-4ac3-aac1-818746386c34_MALDI1,R
07341904-964b-4c7b-a555-444d38c6a896_MALDI1,R
697499ba-e5d3-4ab8-98aa-e11c97f12255_MALDI1,R
a3af3b10-6340-44ec-8cce-e316a5ca785a_MALDI1,R
a8192cce-5826-46b3-931c-97e07e29f8cd_MALDI1,S
48439288-75ef-4a22-b160-c7ed07ab8d4c_MALDI1,S
c2165aa6-677a-4a0f-93dd-d57dfe53ff85_MALDI1,S
73361737-24ce-4d00-a6ff-2e1db32f7f78_MALDI1,S
f4642fb3-aa4d-4afc-89f5-d629528a7840_MALDI1,R
8a78c454-7b95-49f8-b422-b2f41348d712_MALDI1,R
9b1ae247-3aa4-4b66-926f-6c4e60556317_MALDI1,R
840dada7-53c1-45dc-8265-918acca7a450_MALDI1,R
04bb928e-c338-41b3-b063-dde04ae995ff_MALDI1,R
a1a67a7f-b01f-4c42-8d40-b1cc7fd99f05_MALDI1,S
75bfd105-5ef7-49e1-9d4f-00490e11f69c_MALDI1,R
bdf00a56-cd05-4888-8ab8-cc9a0d474809_MALDI1,S
3d60bf3c-d157-4da6-a115-ecd2c51e183a_MALDI1,S
d3f4e2f2-0a9c-4c61-b24d-7ad216b632ba_MALDI1,S
399ccddf-629c-4ccc-a5eb-9d2ae5399620_MALDI1,S
8b11cf80-2cfb-4c50-9502-c84c730846d3_MALDI1,R
3b0675c7-9cbc-4491-810b-c940f6597205_MALDI1,S
3fefd1d7-fd47-46a0-a3bb-a797f87a783a_MALDI1,R
ff4d2ca1-e2a6-4756-b695-a82c548c1fea_MALDI1,R
e30f50b8-65b3-4bb7-a14c-1d585f817312_MALDI1,S
70518efc-5696-48e9-9210-fbcdc0574f3a_MALDI1,R
96da92ad-2c8b-442c-a4a1-3e1621c5bf2d_MALDI1,S
52035d55-4e3e-4f09-a20c-05821d12368e_MALDI1,S
bc95b860-0dca-43a1-a470-740fdc5067a2_MALDI1,R
91db4721-72e5-455c-9524-73e0985dfd4c_MALDI1,S
01be0718-f773-42ae-bb0c-bef6191f1345_MALDI1,S
24601a2d-411a-42e8-98f6-bc15d3a8bed2_MALDI1,R
784581c1-8478-4edd-a37a-e6d00cd84a58_MALDI1,R
cf8c43f9-829e-498a-8c46-73b792074eff_MALDI1,S
9c22c3a7-d3bc-4fa5-9bb4-362f1e7048a7_MALDI1,S
b1a27017-f21d-44d6-b50c-cc12c4933d7b_MALDI1,S
98c6324c-ce04-46bc-af98-268a85ff1d1f_MALDI1,S
5e5960bc-09b9-4ade-b5dd-2a61d8300ada_MALDI1,S
6b67e3ef-45ca-465a-aaaf-ceee61aa1ffe_MALDI1,R
a94bcaa9-a4da-4bc1-959b-cd0f6672039d_MALDI1,S
a591c067-9ed4-442c-aeae-51e41f616677_MALDI1,R
d8d774d2-37bb-4915-b63c-217e891d5496_MALDI1,R
6ec21ee5-9773-4d97-9758-5fc7b8e3c7d9_MALDI1,R
2d2fbddb-f563-4da1-ad21-ccd2f37744d6_MALDI1,R
974b7c3d-9551-4c6a-afe7-28421234e4c8_MALDI1,R
13d492d2-bbe2-427f-8d6f-8cfc018f6f47_MALDI1,S
7da8cad8-89f0-424e-82b7-f7e995a20e23_MALDI1,S
2d5071e8-bafd-4818-83bc-40d4391b488d_MALDI1,S
48a16e33-d66b-46dd-87ed-8dc45c23610e_MALDI1,S
eec61832-c52f-4bc0-ab76-363989415471_MALDI1,R
66bb3130-1a2a-44a8-81cb-41870fee25f7_MALDI1,S
cbd3fa00-8e23-4d2e-9e20-77998e69cb70_MALDI1,S
18f4b9d1-9479-48a7-bb50-858ed09616c7_MALDI1,R
4cb04ff5-99a1-4d49-a06d-445ca9bebc01_MALDI1,R
20aa3633-6d82-4232-b8b5-de776bfd68da_MALDI1,R
c09c6d7e-f4b9-44a0-b4ec-3eaca6009bd0_MALDI1,R
1f05e945-00f6-4cf6-945f-d4763aa5990b_MALDI1,R
eb1b4e3a-5d61-46db-a02b-69875540274f_MALDI1,R
9c357e47-ad2d-4651-a62e-53c08d63f29a_MALDI1,R
9252869b-fd9d-4a67-93c4-483880e06ef9_MALDI1,R
21a40f66-aca9-4eb4-912f-43fd2fd46fe5_MALDI1,R
5becbde1-d75a-4e4e-9843-d794faf58055_MALDI1,R
70b4f6a6-6659-468e-841a-43435b50d1cf_MALDI1,R
54e0c5e8-ebc1-4c83-bc53-61c4b2baa3ff_MALDI1,R
8b686866-4042-4e15-83a3-fc8f1cc27395_MALDI1,S
880f4521-b7af-4dbb-80d2-584930e44325_MALDI1,S
f6c89de4-e44d-4bd5-be66-ff0f7b8f174a_MALDI1,S
fc782b48-ebe6-4439-ba37-aed523761d2a_MALDI1,S
bf3c7b70-9d68-4f08-96cc-538b501b25b3_MALDI1,S
e1efe1e8-3bb1-49bf-80bb-96927c49cd0e_MALDI1,S
36179981-4278-4214-9e94-3387dd2a3f37_MALDI1,S
6f4e8668-608a-4ea1-b9d5-301d017d47d9_MALDI1,R
ef4b5c3b-e091-4062-bb86-369192e7bf62_MALDI1,R
3d04d0ee-fb10-46d0-b8cc-a4e63bc8e449_MALDI1,R
8df1c45d-d321-45a1-851f-396728d5eb2f_MALDI1,R
867ddfca-d188-4079-a092-27f62c807c48_MALDI1,R
b64e7733-9525-4c6c-a1f6-ca252dd3646a_MALDI1,R
5eb05bc0-6e35-42f9-839e-7682baa3cdda_MALDI1,R
dddaf72a-b569-4218-9661-7d0ed3543eaa_MALDI1,R
180cdf8e-5360-4713-8c77-df556b15a0e3_MALDI1,R
cbee3f1a-cfec-4b06-baab-92ac29520713_MALDI1,R
4decde01-485e-4868-ae2b-a66f14ffd83b_MALDI1,S
a9b9fc13-16eb-439c-98b2-69d7151e6eea_MALDI1,S
a44dbcbb-6b80-4222-8e92-3364931bf935_MALDI1,S
cb47dfd0-1951-40d9-8ddc-47f47453e51f_MALDI1,R
970202f2-caee-4d6e-8550-08da9ac45500_MALDI1,R
d34a4040-a779-42c6-ae6c-d7ad47458026_MALDI1,R
6c9c949a-d1cb-41ad-b94f-7a69a1e1701e_MALDI1,R
114f731a-0852-4e17-a981-862141057f26_MALDI1,S
2d62ed4b-b835-42ff-8c27-5ad56d90a1d4_MALDI1,S
3f657673-f6b1-454d-a701-033f4ba4403c_MALDI1,R
b57c2536-971e-4abd-8707-a0667ac13992_MALDI1,R
5bc2db39-1db5-4fcc-ab72-c4172ec57236_MALDI1,S
2873de40-87a0-40fb-b64a-fe4adc2820c9_MALDI1,S
b67f6ef3-fca5-47ab-9eab-284b3c56308e_MALDI1,S
dcae644a-17b4-4aac-b225-d277c8e436d7_MALDI1,R
ac7832e4-dd2e-43f4-b259-330e2caaffa2_MALDI1,R
417106a1-b2aa-4e98-b16d-8adc228cd1c7_MALDI1,R
67b08ab4-a75a-4e88-aa83-a5a9dc51c40c_MALDI1,R
a816308d-b0c1-4066-900d-f755bfc5394e_MALDI1,R
af035160-c8c1-4e74-a0dd-ff47e1c1707c_MALDI1,S
c717914a-57b1-4d1c-baae-f05604cd214d_MALDI1,S
becc126f-f266-4a21-98ee-e4f35789f01f_MALDI1,S
6f62c47b-bd76-433d-be32-88fa20f63d51_MALDI1,S
707a5b9f-1cc7-4d93-9864-23b44df9b4c0_MALDI1,R
5bd206b8-2c93-4dbf-bebb-4f803239219e_MALDI1,S
b96ef90c-cc49-45d6-910e-5b7d6fb24269_MALDI1,S
71f3b2a8-523c-4f7e-84a9-2debc64ed058_MALDI1,S
1205595f-96e8-45ea-aa02-6870743a57b7_MALDI1,R
c244761c-b86b-466b-9640-53d879c24f59_MALDI1,R
8a48f24b-5fe6-4f86-ba55-41a4ee061593_MALDI1,R
dba4af90-56a6-46b5-bafd-33266b252c3a_MALDI1,R
f94003b8-ffce-4b1a-a542-1ce0e2972550_MALDI1,R
2f195bb9-a7d4-4791-8a37-4dc363579d49_MALDI1,R
2a2325b3-136a-415f-bc8b-8229ca4f9288_MALDI1,R
c0530fb5-a5e0-4995-a580-94519ab7d65e_MALDI1,S
5cef6613-3641-4275-b45b-a4f6f0489f59_MALDI1,R
22df9ba7-9913-4183-82c2-7303c1c8aaee_MALDI1,R
9671b2d4-e3ec-44a7-9c3a-c14d64f70161_MALDI1,S
a4488074-4fce-410a-a856-fc431552d5bb_MALDI1,S
a50f37cb-d39c-435c-bc85-69d273691000_MALDI1,R
5ef28c4a-debf-4aee-95bd-93d741067f39_MALDI1,R
d6ef2eec-774b-4e40-97e3-7adf6da1f59c_MALDI1,R
238853bd-1339-4f77-9ddf-c5f00cb1d5a0_MALDI1,R
1b3f6ddc-1e71-41e2-9a7b-717d6b2dee8c_MALDI1,S
93fa8b37-6903-45b6-b4c2-2f88325ff294_MALDI1,S
0696647a-5a09-4402-8d59-50fb267d41e0_MALDI1,R
ef62e395-9e40-443d-830e-0f324729a806_MALDI1,S
664d2473-d8d3-4195-aab0-ee5e66316171_MALDI1,S
5b22909b-d5ac-4edc-b778-ad4220b2dbc1_MALDI1,S
336e4544-eced-4a5a-84db-66b59abd26c9_MALDI1,S
0ef3d092-fd5c-456b-ab54-d657d77c66ba_MALDI1,R
f4e1d030-bad6-4a8a-96e9-863a05dc798d_MALDI1,R
5cbda355-3859-44ef-9030-648c1d62a149_MALDI1,R
0744620e-03d3-46bd-a0d2-43818c8f36fc_MALDI1,R
5519ed4d-5716-4fc0-b812-24e064c51305_MALDI1,R
410b2563-a372-4f0e-abfa-8ad7a16df20f_MALDI1,S
424a52c1-b56c-4a52-804d-f8416b0fdeef_MALDI1,S
66b9caf2-46bd-49aa-9680-c2980fd812da_MALDI1,R
cbdfee1b-934c-405f-acf0-e6eb32a43b5e_MALDI1,S
8abc97cf-fb78-4b3c-aafa-b54ecce80b70_MALDI1,S
0f3058ec-e8b3-4c16-8e6e-39771d473fcb_MALDI1,R
4a5d1c48-a287-4b1d-b1f4-23a764720d91_MALDI1,S
d5115719-e207-4728-86af-24dcacb130c5_MALDI1,S
bd6a1a4b-32bd-477d-85fc-6eeb71fe3554_MALDI1,R
204d675f-96a0-4b24-add2-d9836d033cda_MALDI1,R
1317a42d-bddb-4801-a160-f73192511218_MALDI1,R
142ef6aa-1172-49d8-b1ce-bf2919d0c535_MALDI1,R
acdfed70-e2db-4a25-923c-ce91705621e3_MALDI1,R
b546b288-66b1-4ae2-bf7b-b8f0a47d5e75_MALDI1,R
26904b43-c4e9-4b55-9750-aca24f88bd4a_MALDI1,R
74e1ad04-5756-47d5-a693-78cc4f627cc3_MALDI1,S
ca1b8d81-ea90-4322-9dc0-545aec6eac0f_MALDI1,R
8a47f34a-c8c4-4f63-b586-06b05f2139fb_MALDI1,R
37500f28-844b-4880-967b-173e0fbe1a04_MALDI1,S
81880a54-a40f-4717-b0fe-bc44bbb4b0b8_MALDI1,R
cb25769e-249b-4d79-8238-4aed2648998b_MALDI1,R
b4180de3-2f0b-4a3e-971c-f19cab8521f7_MALDI1,R
e9c0878a-59ed-4b8e-b9ac-7f795800f904_MALDI1,R
0d82bf1f-da50-4b8b-9ca1-3eac80f0dcf1_MALDI1,S
8a98043b-73a4-409e-bbf3-4b1135f220d3_MALDI1,R
d82b707b-1b1f-43a8-8737-9af3064fd3d0_MALDI1,S
3c435e6b-c813-4d44-aab1-0da444eb4d4e_MALDI1,S
3510c9d0-a81d-4848-a148-8d740aa6d724_MALDI1,R
de8d7dc8-0368-491e-a3a7-5937545fea1b_MALDI1,S
e3b8cc22-377d-4940-9952-2bbb344c2e99_MALDI1,R
5e865628-3e98-469b-aaa2-a6a203f8f517_MALDI1,R
f0fa9c33-16ec-49b0-b756-745d208db7d2_MALDI1,R
8042f257-8a4f-4b32-b3f4-cf7707147ac1_MALDI1,R
f3aab6be-e43a-4d53-abd1-a02efcc25d04_MALDI1,S
4669d363-ce27-4672-bda6-789b352c1946_MALDI1,R
20822a4b-e8ce-41d5-85ec-77c3667eda50_MALDI1,R
0846eb11-1be3-4b16-a151-b86bf532bfa5_MALDI1,R
ece53b38-a59b-4a37-a256-ff1ccd103f69_MALDI1,R
7a4543da-02d8-4baf-bd73-5ea612da40d6_MALDI1,R
253910b9-f707-40ff-b3b9-ca5481dc70bc_MALDI1,S
8d0a6306-ee3d-4b44-90c8-12dd5de7a02a_MALDI1,S
d440a25e-813a-4ea8-b4c6-7a5e76095311_MALDI1,S
f359bdfa-fa71-453e-a58f-4e7f50ec4583_MALDI1,R
a7612d51-3eba-46ad-86d4-ee8df54264a9_MALDI1,R
3108d817-e715-476e-94a0-140442f04689_MALDI1,S
52365d81-3db8-443b-8a80-d77eb8378fe2_MALDI1,S
5eb776dc-185d-41ee-b05e-e476ac243eaa_MALDI1,R
757e99b9-8868-4c41-874f-6293a98ae8c9_MALDI1,S
276c2fba-a095-4a10-97de-59e4d7bd3a1d_MALDI1,R
6bbe6b67-b0d1-4fbc-9ffd-ce08e43d0c73_MALDI1,R
7cfa5233-03f5-4096-a6f4-5eeb708403c5_MALDI1,R
fb51d5db-7e77-4354-a63c-6187c4a21e63_MALDI1,R
0871268a-8948-4458-af98-7d88690c038f_MALDI1,R
544b95c4-75fb-414c-ab5d-4fea4ba3cadb_MALDI1,S
16d54177-5864-4f25-91d8-1c637c2b49c9_MALDI1,R
72dce2c3-ed03-4029-b562-bf336b6b0433_MALDI1,R
3e42c621-7339-4360-be91-03778a9bc922_MALDI1,R
c53803f9-97ea-4b0a-ac59-05b72aabe219_MALDI1,R
b98424da-b14c-4525-bcfe-3dd249283183_MALDI1,R
ce76037b-65e1-4f4b-8457-38091bd4089b_MALDI1,S
1bbcd102-f8d7-4df1-826e-7b239291d1dc_MALDI1,R
b9721982-6afb-422e-80dc-d3e9a698fed2_MALDI1,R
67738cab-103e-45da-8135-7212cac74237_MALDI1,R
d233fb33-e6ec-4894-b269-7bd8a016d490_MALDI1,R
232fb067-827b-404f-86d9-ce1d26abea9e_MALDI1,R
de8c5b02-e3fc-41b0-8a2f-e3557319fab3_MALDI1,S
68b6170b-6f5d-4878-8224-f599f0a07772_MALDI1,S
beb60b88-d113-4d5c-98c0-bbbcce34e6ef_MALDI1,S
6ecf8a51-c42c-4f13-afb7-49853ac6845e_MALDI1,S
2015dd4f-f9c5-4578-9d57-7179ded817f6_MALDI1,S
663175cc-e19c-4dcf-b23d-084165e75c58_MALDI1,S
15310fa2-e7dc-4beb-889b-757a68141471_MALDI1,S
f9256dc9-399d-4b7c-a986-0d7420f41cb3_MALDI1,S
9ffe1566-fcad-44be-bbda-81ddc26f53e3_MALDI1,S
1283f1d9-95b5-486d-a4a5-d35317cd0429_MALDI1,S
51fa7da1-ceb6-464a-9d7b-452c5ccab606_MALDI1,R
6c7f3230-1631-4159-b272-b60dd6858915_MALDI1,R
eead5ff0-dd98-49e9-92d6-d80810ad9c0c_MALDI1,R
993c0d1f-5bc4-4363-899b-9fa3249742e5_MALDI1,R
091322e6-0706-4440-90f8-ae2da17e856c_MALDI1,S
e61d933c-152a-4a06-b2e3-579c13a08d64_MALDI1,S
91facf79-a05e-4c3a-9e1a-03f215d455f2_MALDI1,R
5f249b2c-8525-40ec-a1cc-6d95b8f81906_MALDI1,R
2b520cab-946f-4c55-893c-439552fb0574_MALDI1,R
ff922944-f02e-4538-9367-e0cd90e761a3_MALDI1,S
411c4ac8-789d-48db-8b74-405e584bd3b4_MALDI1,S
4e626ad0-decd-4b10-9484-58ab7b1ed39c_MALDI1,S
6f312f8a-2d8e-41fb-91e4-b632bc8bfe98_MALDI1,S
d7388459-1572-4242-844c-76b1bba76352_MALDI1,S
1a5ffd75-1b04-459e-91e4-244152143543_MALDI1,R
ab137485-4032-4b37-a91b-d74e5ed81d0f_MALDI1,R
cba9e9e3-515d-4362-88e3-928232be4f29_MALDI1,S
6098a8a5-956e-4de6-9e06-9599a8a7bde5_MALDI1,S
4a25e874-e53a-4350-b679-3128865704ab_MALDI1,S
3d02266c-57aa-4b62-8877-7578ca36220a_MALDI1,R
9652c992-5b31-4499-a44c-56f872f3233b_MALDI1,R
e572713b-a948-4e0c-b6d5-f2313b50839a_MALDI1,R
1c324c3a-af72-4cf2-b00f-fdc6297e1d88_MALDI1,S
61709865-9b15-4575-aeb2-c3fa32604a6b_MALDI1,S
c2c1fc6a-f07a-46d1-92b6-4dbcd12dcb60_MALDI1,R
59ea3550-3848-45e8-8434-02d34ba34ff6_MALDI1,R
9ace1ae3-b160-42d7-9ddf-9b589da4e20d_MALDI1,R
ef8ed363-d61e-4914-99ca-4e3060a99b07_MALDI1,R
4d944134-bc7a-43d2-8a23-219fab50b5d1_MALDI1,R
82f0388e-15a6-46f7-9d2e-026313cbd0b1_MALDI1,S
e6e4baa7-5f2c-42dc-bd37-5ccb9fe913df_MALDI1,S
6575a6df-a2bc-4955-ad58-cbbb069f7c5c_MALDI1,S
c05f48f8-37c6-47f4-9b92-3b2ea0eae1cd_MALDI1,R
9e96642e-a37a-4548-8073-5550842a046f_MALDI1,R
9977d3c3-e835-4eee-89a4-6759dbb90477_MALDI1,R
2c78febe-1285-44a7-9097-a273fb72b077_MALDI1,R
11c21c32-6094-410b-92ba-9680c0c4e052_MALDI1,S
ef845617-4df7-46b8-8ccb-a6c369c45939_MALDI1,S
be68c53e-3954-4520-b48b-677edb04cd6e_MALDI1,S
b8706da7-4437-4971-9e32-f349f3eb017a_MALDI1,R
f2fdc643-b3a1-416c-b6e6-0f970136fa7a_MALDI1,R
b8704503-caad-45d1-aef6-1d8b13676bc6_MALDI1,R
af965038-d48c-42e7-b99b-4d0b73b1f858_MALDI1,R
13bb12c3-40fc-44d6-86fa-bf8b04d713f2_MALDI1,R
814f6f33-2c7e-4f5f-bdd4-4432d9b4931f_MALDI1,S
edef0d22-ca8b-459f-a309-d7f0985db693_MALDI1,S
9f847e2b-1d7d-448e-bf84-e82746b12b11_MALDI1,S
5c1363d4-bb4c-43fc-a56e-56583e993ffe_MALDI1,S
6bee0711-6f41-4161-a367-4ac7b31fe8e5_MALDI1,S
a037d8eb-ab43-46ff-a178-6fdea08dd9c2_MALDI1,S
c1094159-80bc-47dd-9e56-4288e4ebddb2_MALDI1,S
7647df29-9de4-45d4-8304-3b154b8cdd90_MALDI1,R
80e4297f-18c2-40b0-ba13-eb7c61096a88_MALDI1,R
bdd80440-08d4-465e-8560-cde42968ad1d_MALDI1,S
1a2f2c48-ffe0-45ca-a3e3-abb7ddb64fba_MALDI1,S
11c2c777-1735-429c-aa3e-7b20c98a3c81_MALDI1,S
b645427a-e0e6-4291-8f8b-a7ef3ef68861_MALDI1,S
5225d968-60e3-415c-86fc-0cfe6fdcdc13_MALDI1,S
f994d91a-8be6-4911-8276-7ee2d2693ffc_MALDI1,R
538f6a06-8001-4c19-96e9-1701394f64a1_MALDI1,R
4587a048-79ee-4a3e-ba84-b72f56718a6a_MALDI1,R
28e3aaee-1560-49ea-ab3e-4ffcdc9d35cd_MALDI1,R
9d4e0a14-68b4-4936-bb57-9127a4829a50_MALDI1,R
d7afea77-a8f0-4283-bee9-3102b3c087eb_MALDI1,S
91a0b716-9eb0-42e5-8a4c-1bb7a9aaa2ef_MALDI1,R
2e22b938-16a3-45f1-8ab8-e36fab28db46_MALDI1,S
84cf9b82-6841-40b5-bfd1-d80e33be5b0f_MALDI1,S
3206a0c2-a2ba-4720-99da-4bdc254514ac_MALDI1,S
53ec2dcc-b61c-4603-9c0a-ce646221ab86_MALDI1,S
c10d3a05-c002-4f89-ad2f-b5a0f27d7e04_MALDI1,R
1fb36892-27f4-4031-b38a-a21272b20b38_MALDI1,R
7dc7b401-6777-461d-9d78-04e144b06c32_MALDI1,R
c434e7b3-4260-46a5-bb5c-a978f12fe37f_MALDI1,R
d2ea6b7b-533a-4bbb-b86d-516b6346fbc3_MALDI1,R
7cf14288-c36e-49e8-aedb-0b909b125f10_MALDI1,R
cc269874-2165-463b-9549-438a39943ffa_MALDI1,R
3f7267ad-9a65-44de-abe6-16a7d82997e8_MALDI1,R
28e0c522-71d8-4fdf-b207-d13858efdac0_MALDI1,R
139f5483-08b2-4c67-b699-b4bbcd101f7e_MALDI1,R
3e0c0b84-fdf6-405d-84ab-e01ddee341fe_MALDI1,R
e69bd666-092c-4a90-97bb-73080afa621c_MALDI1,R
aff33b69-f241-44cc-8ee8-082dbb4e245b_MALDI1,R
6bb4db7c-809f-4962-88ba-4f2720d00563_MALDI1,R
212e2322-96cd-42d3-b1db-9af55f785981_MALDI1,R
4f49e449-688f-4e1e-ae49-ee875f1f685c_MALDI1,R
e83c6aff-4bb4-4287-a146-f7da3fa4655f_MALDI1,R
1168a991-89b9-45c6-9706-172cac2547f1_MALDI1,S
2907294f-4330-40ac-8a9a-98f374ca5d86_MALDI1,S
9e3fcdbf-2ac1-460d-9234-fce3083b26f2_MALDI1,R
46ed3977-6618-4be3-8707-b06bb4c10891_MALDI1,R
8fae0a54-6611-433c-94c5-abdb0dc66045_MALDI1,R
4ef2dac4-ffc6-4eff-b1a1-abaf598c4c5b_MALDI1,R
44913eec-6b5b-42c7-87bb-b9a55cd85b8d_MALDI1,R
087c39c8-4217-4e4a-b2e7-aadd5646479c_MALDI1,S
f904ad3a-dc18-4edd-90c8-ac134f955cf8_MALDI1,S
e35f3251-26ed-46be-af75-51ea8ca0323e_MALDI1,S
eb6feea0-eeee-43ae-87b9-35a9889e0e56_MALDI1,R
537ae5bc-2d34-4ebc-8574-6e8afa1ff947_MALDI1,R
48c38475-4316-4820-9cfb-e9af484b9d0b_MALDI1,R
1b4afc95-9bf6-4b27-901b-429b4149be26_MALDI1,R
a01765c2-15b2-452f-b3d6-7dd8abd65b3c_MALDI1,S
691c53ae-5c9b-4ab8-92b4-adeca850c356_MALDI1,R
fcfc7e4b-1ec7-4ab0-9d1b-f39da3fe3469_MALDI1,S
dc8c7cfd-1355-42e7-8ade-eba08c69d1f7_MALDI1,R
843741a0-d757-415b-8c97-8d7af6b77ed1_MALDI1,R
e75ac316-92e7-4ff9-88f6-22b52eb4f59d_MALDI1,S
7176861d-8c5e-41e3-8bfc-ddd5274196a2_MALDI1,S
623eeb60-fe45-4d46-a20b-f90b8d840ff2_MALDI1,S
b69a38f3-5765-43fd-9b9c-f146022b2613_MALDI1,S
67a03353-0be9-472c-8235-3a8c7883c881_MALDI1,S
fe88d83a-b4a8-4cd4-a6ed-f4ad60fc69dd_MALDI1,R
5c25bdbb-43b2-4c11-91c8-f533b4690611_MALDI1,S
4ed5036a-7e7e-4991-840f-d8122a12bc8e_MALDI1,R
018a6cf1-a06f-4645-9b9b-b10efef4b335_MALDI1,S
93a8121e-148f-4642-acb3-2801bb8082ba_MALDI1,S
d5098517-7f0c-4a69-a432-31b6c707f1de_MALDI1,S
22048476-6c5e-421a-b13e-dc154ad0ccc0_MALDI1,S
120287c0-04c8-4ba2-b330-d95203a11718_MALDI1,S
ad8e7915-b837-4cd2-acdd-96def065da83_MALDI1,S
9c8e2433-de7b-4114-9198-21fdb78bbf2e_MALDI1,R
9080cc61-72a5-4997-8575-d82ecfe54614_MALDI1,S
8f22bf0a-ba8c-491c-a5a0-a84937ab3920_MALDI1,R
ab1994ac-32a5-4620-b7de-d97262fe7f4d_MALDI1,R
3ee46ce9-7674-43c8-8646-e8f4799df1a4_MALDI1,R
95ddc8ae-9842-4f78-909c-b39c9c3fe366_MALDI1,S
fd2e1d28-eb53-447f-aa56-5f52e4444328_MALDI1,R
2a369592-0e46-44d5-b0ab-ff08fa729d5c_MALDI1,R
e96b489a-3804-4b7d-bc67-b7c9e90ca436_MALDI1,R
a6322254-8c3a-42c9-8828-334343078d3c_MALDI1,R
0ccfe04d-3912-492d-977c-0ec04c1bce86_MALDI1,R
7089993b-097a-48cd-8503-cf90b28548eb_MALDI1,S
0d65a93f-b4b1-4fbd-98ce-eb79c73353e4_MALDI1,R
b4f64e13-0a25-4c20-a1f4-e45062081eb8_MALDI1,R
8ac53ff7-3c5f-4727-a02b-512655774339_MALDI1,S
993bfd6e-c0d2-47a0-b2eb-b5ab5f4a11ac_MALDI1,S
ea107e00-137c-481a-987a-3b6ef967d4d6_MALDI1,S
c088f6fe-51d2-4d73-a750-3b5ee97156db_MALDI1,R
45915822-4de9-42ea-a0da-d0afe8d8d004_MALDI1,S
45780bc0-c840-447c-8150-a83a3d9fab89_MALDI1,S
44e17406-03de-440a-9c5d-b4705fbd8b14_MALDI1,R
f74931f3-8e41-4abd-b101-b19401536b8f_MALDI1,S
d8e1e654-498b-4b2f-be85-ce4be995ba3a_MALDI1,S
f0267360-69ab-4f33-bd7d-eec1b87ea61a_MALDI1,S
8302b149-98e9-47aa-bf65-0248b1155179_MALDI1,R
7903b434-99fd-40dc-8118-9522b7b023b7_MALDI1,R
d10039b6-428e-4924-b165-6052e5effd6a_MALDI1,R
f596e280-2cda-4605-86cf-047bae3724fb_MALDI1,S
d6d9e1db-7837-4e08-baf6-7035eddbcad9_MALDI1,S
10265e76-de72-4834-8be1-3849f5af9d33_MALDI1,S
e9d1be94-3dd3-4e9e-8ae0-84e84ba2aac9_MALDI1,S
fabb7c50-0ac5-4ff6-bb01-4cafd6904309_MALDI1,R
09190ad4-47af-4053-b99a-bb709891e24c_MALDI1,R
c4ec98be-9dc6-45a6-81ed-f898a532c518_MALDI1,R
3906f8b1-c68d-4c50-b1e4-a889c7f2d053_MALDI1,S
30af3c6f-05cb-4416-9d3d-e32c8b9a1107_MALDI1,R
71093e14-0d20-4610-a867-1f9c19dbb983_MALDI1,R
1df5ad3b-c0ae-48dc-a9af-13a1fd11089d_MALDI1,R
d33acd74-1c9f-436a-9ef8-20010d9346c3_MALDI1,S
fa5f13eb-2a95-49b2-b0d6-84e1304f4314_MALDI1,S
e81abda9-4e89-454b-a04a-bc8d7174ad3b_MALDI1,R
03f0ebbb-bbb5-419f-b518-5823d63ea4f7_MALDI1,R
14ae77fe-df9c-451b-b93b-1f232ad7a65a_MALDI1,R
599a9ddd-acfc-4572-99ee-8422a2102b4b_MALDI1,S
0e5fdc2c-b737-4951-b8b4-2d0418250120_MALDI1,R
966332e4-8afc-4433-9f9b-57f4b49d3f60_MALDI1,S
dcabea77-e497-4245-8a38-1e65c6c4a25d_MALDI1,S
5fb90263-3c06-440e-b12b-e256f4b7dc19_MALDI1,S
b22c9a1b-b2a9-49dd-a272-1c2f208182eb_MALDI1,R
a6a2c3b0-1fea-4673-af10-4c8b1e605544_MALDI1,S
070c09cf-532b-47df-98d6-d3d714831322_MALDI1,R
ac2eea74-04ce-414c-bf57-1150004a6135_MALDI1,S
627c4568-e661-4cbd-b515-3e13b27dda6c_MALDI1,R
ae6d178a-f6a6-4fbb-8267-a41d8814ed93_MALDI1,R
3d8f9d53-c998-46f7-8c24-56a245d4dec6_MALDI1,R
e37ac34b-a8f3-4e73-86ed-4ae7d79ce515_MALDI1,S
0ae6f336-e161-44f5-8e32-7047ebbef973_MALDI1,S
d66032bd-192f-40a9-88df-0e9f62466342_MALDI1,S
aa4634ef-7d3c-4ee8-9186-3fb242475e56_MALDI1,S
316408f5-aca6-4452-bd1f-7d968e920505_MALDI1,S
d675171c-35fc-4b98-977b-58279755637a_MALDI1,R
a01cde5f-273f-451a-9157-f1156ce1c1a4_MALDI1,S
e70476c2-cd6f-484e-8ac8-ed0294c26152_MALDI1,R
3479acea-b645-4b26-b985-1091d9287a66_MALDI1,S
185b3052-5356-4c08-9b5f-673ce4240f98_MALDI1,S
ccd72f43-ff59-458d-b8b4-f24415e55d87_MALDI1,R
c9866657-2c85-47ca-99b9-05875d20b6e0_MALDI1,R
85eb060e-ebe9-4fa3-8d13-740006dd5394_MALDI1,R
c4c871cb-f001-46cb-8f81-4bad19a7ebea_MALDI1,R
2de1086e-5fd2-4c0c-9d67-2242a4634f33_MALDI1,R
86c12dc6-4a05-4319-9232-5171f9bb4d96_MALDI1,R
e6811362-ecd4-4f41-ae8c-41590f29ffe8_MALDI1,S
971897b5-e1f0-4999-a439-0ffdf586a443_MALDI1,R
6918afab-8904-42a6-95ff-93055e03c001_MALDI1,R
4dc86344-3eb1-4c4d-bfdc-c6d7d1525a64_MALDI1,R
db1d6ba2-bac8-421f-8a08-2fd272d36507_MALDI1,R
2aba2d28-e36f-48a6-a4c7-beaba8a72bbd_MALDI1,R
baa9fff6-3dc2-4ec2-bf65-8063437273d2_MALDI1,S
74472a07-904d-4aca-a54d-389d39ef0eef_MALDI1,R
9e060758-ed9d-43c3-82a3-b78fd9670ec9_MALDI1,S
339e42eb-5d03-4cdb-b322-d5653dc6f205_MALDI1,S
8d2f8411-40e3-4711-a1b8-d9156ea96bf5_MALDI1,R
3a418f88-2b97-4540-8694-a72765066322_MALDI1,S
62ebed88-afbf-4527-beb1-ae2b007e111e_MALDI1,S
b7765f32-9312-49fb-ab5a-6f2eb2e52768_MALDI1,R
fc5d07ac-c553-474e-81a7-a92fb0820fbf_MALDI1,S
e3f26f4f-8e3d-49ae-990f-4e3156dd093f_MALDI1,S
a84aed78-fea6-41f3-bf57-5d647c7c8075_MALDI1,S
bc776c37-f80d-4a7f-950f-d4c8015377d2_MALDI1,S
2748646e-4146-4793-89f8-77ee43cda0dd_MALDI1,S
f0d51eec-069f-437f-9e5f-de5cfccb5441_MALDI1,S
35f74220-4012-4cf3-aabf-27420e7b02b7_MALDI1,S
167fe123-8c4e-4e9f-ae64-9f90b23eaa5f_MALDI1,S
aded66b1-0b7d-4a50-bb77-da8b31b8185d_MALDI1,R
3d1133af-11b0-43e0-9f6f-7e428af13816_MALDI1,S
17252287-1b40-47aa-8f96-7e0cce8d37d8_MALDI1,S
c286a06c-179f-4cd0-941e-a48d9f439bcc_MALDI1,R
35f638b4-4168-49c4-b118-183852cd4ff5_MALDI1,R
a58bb2b3-f9a6-4abd-9c69-582e2a4248e9_MALDI1,S
ab30ba04-9847-448b-a110-e5a2c8df5639_MALDI1,S
3e1af361-c9ee-49ce-9800-27c594e80181_MALDI1,S
109a04e5-69c0-498c-8b7f-6dce962a2dfe_MALDI1,R
3ffe5fc0-d378-432f-bb27-2fd27e71cc76_MALDI1,S
d9b23402-7415-40ea-881c-13f94d6ff187_MALDI1,S
63d16aae-38f1-42df-a088-031d79f4458a_MALDI1,S
07b1ef5e-8c76-4a16-8e82-52021c3e2cfe_MALDI1,R
9846f684-730b-4764-95d4-265d33e9fa9e_MALDI1,S
80c3c9f4-c443-4ad5-8f95-498c0984a3e4_MALDI1,R
da0bd9a5-3a1b-422c-bc9d-2bf7127f7438_MALDI1,R
f797c9f9-5bba-4197-8e87-6f8a89bae16a_MALDI1,S
6ef2b06a-4b52-4c05-8d92-6fc8f563d43d_MALDI1,R
0ddd3ac5-c823-46fc-bad3-3dcd6a853b06_MALDI1,R
aa0cc8fc-b2a8-43d3-a98d-c7bbf9577fd8_MALDI1,R
e788d4de-2273-4784-8a18-f3ef16f5d45a_MALDI1,S
e0ad37b1-04b3-4fd8-b22a-76389cc3541c_MALDI1,R
bb3d8f4c-aa2b-4331-92cb-b21d678f36b3_MALDI1,R
7c8cff35-2590-456f-83f5-5983281bcd03_MALDI1,R
14a8330e-9b92-471e-aac4-956c9663b8e9_MALDI1,R
e7b5972b-183d-44e3-bc09-064b74b093fc_MALDI1,R
2a211006-f8fe-45e4-891f-b25302d5fd1c_MALDI1,R
e46ec812-e4bf-4424-9b73-da53620d0996_MALDI1,R
5c6558ed-6bb7-40ee-aee4-d62bb66758c0_MALDI1,R
7ff63957-60ce-4949-ba25-bdeb7bf69df1_MALDI1,R
41346bfd-b8aa-4c81-8884-95251f1fa54b_MALDI1,R
0dd00ae9-e0e9-4260-9911-ebaeaf2e574b_MALDI1,R
6a8be221-e3b7-4a6b-a40e-3e99a4f7231a_MALDI1,R
5340ede4-c74a-4252-8453-cc84882b8a87_MALDI1,R
15784d16-af9f-4e52-8495-5549a8ab13f8_MALDI1,R
f8246b98-bc14-4b26-a265-280af18740ec_MALDI1,S
f6f66606-7305-42d5-bba5-63d4a9002e63_MALDI1,R
43b81535-223b-4814-b9b9-f4a8666a9deb_MALDI1,R
b785e28c-137a-4d61-ab7f-77d12e65e2d3_MALDI1,R
ed99f1f0-a938-40e3-8ea5-4ea00392e5fd_MALDI1,R
82167d04-086b-4921-821a-65c9a63b017d_MALDI1,R
7c642599-48ec-4080-af41-faf66d9ec52e_MALDI1,S
f5c7fe9a-1a99-45af-a94f-738c1012f120_MALDI1,S
c7a61623-6767-452f-b813-de6555900ad5_MALDI1,S
95675af4-f87a-4004-9428-7b9b06ba6623_MALDI1,S
b2819ffe-ab47-4ebe-97b6-c7ff075b5290_MALDI1,S
6c4e1c06-35d9-4cb1-88be-e9e6a71977f6_MALDI1,S
f4644e3b-eb7e-47fe-8039-f81c97f4227b_MALDI1,R
f867ba19-e836-4b0a-b757-27dc30c8c9d2_MALDI1,R
f5a800bb-4c82-4b5c-8a4c-418d63ae72ad_MALDI1,R
eb734f61-0dcd-4404-864f-89496eec8cb0_MALDI1,S
06fae9fc-17dc-4746-b340-258daee7e8e7_MALDI1,R
43b2d5ee-071c-40ad-a824-747b7b54a49d_MALDI1,R
1fb136e5-b74d-49a0-a181-c59023862b6b_MALDI1,R
64720d4b-0cea-44aa-90e8-a51ea39fa68a_MALDI1,S
b062cca5-8a3e-40f3-bb0d-e0ab4922b20b_MALDI1,R
7d8fac12-47d4-407a-b17b-1fbe677bc12f_MALDI1,S
1cf50d0e-2eae-4631-9a2b-34550a3d47ac_MALDI1,S
c1a9b54f-76bf-4eab-89c6-aa843c9f3d03_MALDI1,R
9036366b-6331-4d7a-9f92-c7a5f82f8319_MALDI1,R
df8cc58e-b870-475c-9b3b-4ac38f45ceb4_MALDI1,R
6f302f54-a096-4242-ae50-52506f16d033_MALDI1,R
f8b1844a-afe9-49d3-9cbe-addf73805b33_MALDI1,R
65fa2e01-43bf-475f-b626-e85f86f4879f_MALDI1,R
0014bb90-16a2-4c55-ad1d-cea35935a6e5_MALDI1,S
f3b311ce-3cd0-4d96-bdaf-37bac1fd4b25_MALDI1,S
918b9b46-f138-483e-aa09-4da52f82a578_MALDI1,S
b9c22cdd-e585-4fdb-bce1-d80e66a0bad5_MALDI1,S
43e27261-b179-4855-81fb-ba2c954fc871_MALDI1,S
ba257a9c-7034-43b8-a291-49d4dfa08b0a_MALDI1,S
5fb859e9-dae0-43dc-bc26-c2022bf2b4cd_MALDI1,S
1fca14fe-c042-480f-899c-6522e494e6d1_MALDI1,S
fdb245ff-201f-46a3-b575-870a0ad4bf77_MALDI1,R
1046b15e-8ef4-43e2-b32c-d95404d59aaf_MALDI1,R
7186f883-7ef1-4c12-849e-4bf68830b81f_MALDI1,R
90d478bc-ae9b-41d5-b9cf-b7b6cbdc88a1_MALDI1,R
410e7f8f-f548-43b5-a2c7-42b2a6152b9b_MALDI1,S
d8406ee0-dbff-4cd2-9d8a-0f60ef3a6ac6_MALDI1,S
e21158a9-ead8-448a-b90b-9ef72488a078_MALDI1,S
5eb29462-2f5c-4a94-9c52-c7484c6fe62c_MALDI1,S
0f5c6b6b-c866-4eec-8894-13db794354c7_MALDI1,R
179358cd-9115-43fb-ab8b-6bab206935fa_MALDI1,R
65943984-3daf-4aa6-83c2-bc36a955715d_MALDI1,R
91a8bc7a-95db-47e1-ac6e-6dc5a9c84638_MALDI1,R
1f6ef88d-b25d-41fd-a907-e414e02435f0_MALDI1,S
2aa6ef0f-6d98-43da-9465-34627c16e28f_MALDI1,S
3882cc40-c7e7-40e0-ae54-0166a97d3e9c_MALDI1,R
f6376316-70bf-4087-ba18-887bb44997c6_MALDI1,R
590bcd29-fc95-46e9-b1d1-8ce4f80abdb0_MALDI1,R
17213858-4642-42ae-a22d-89918416bbe8_MALDI1,R
97151281-048a-439d-a007-92160edc6fb9_MALDI1,R
414abd5b-13c0-4cfa-adec-df5d548b435b_MALDI1,S
dd0fc2a0-ffe6-4e8e-8747-d2e3bb9f5aee_MALDI1,R
ceb49804-dbdd-4353-8304-2d753eeae598_MALDI1,S
0706a2a8-ca58-4412-8c84-12f60390ba30_MALDI1,R
4820c8bb-45e4-41e1-9e65-6295dd944734_MALDI1,S
a21c4334-c607-4616-88d5-77adbb2d6532_MALDI1,R
48e7ed33-e13d-46e3-9dd6-60401b26c990_MALDI1,R
c1de4f43-6ab5-4033-bfb0-4f75dc3f6b6e_MALDI1,S
64d23b00-1710-4038-a4c4-978fe03a7d19_MALDI1,R
37a25a88-41a3-4912-a992-e2da752280f0_MALDI1,S
6ecda33f-0e57-4933-90d7-680171e13e46_MALDI1,S
ddb08476-18b3-4fd0-a00d-e84a2949bd8d_MALDI1,S
340895be-04ca-410d-9f15-e1bd00ab4f03_MALDI1,S
18c56340-1889-45db-8ac5-43120bb9f073_MALDI1,R
020c52de-0383-4f41-b132-219ecaa3a9fc_MALDI1,S
dd72f2cd-a17e-4aa8-aede-8032012a01c4_MALDI1,S
a41e06eb-5999-4024-89c4-85451a8b6889_MALDI1,S
2c32b25f-da2d-4c62-b57b-c521e1474ba9_MALDI1,S
076defad-a904-4674-9b52-8daa1c9f1a21_MALDI1,S
8c2f986d-12e6-4351-be3d-c59fed0d4f0c_MALDI1,S
9bf6f8fa-d589-4895-8b71-ba6aa1848642_MALDI1,S
1501282d-3a80-4f5e-8eb3-250b726a6df5_MALDI1,R
caf824b6-1e9b-4222-a9ba-1fc3ee0e67ff_MALDI1,R
d3a4b306-566b-4894-bf13-79ce67ced313_MALDI1,R
6bc137b0-08a9-4e1b-9ab6-eca36c90c38e_MALDI1,R
46a26fd3-cfc9-49c8-bfbb-cb3dd3bc256d_MALDI1,S
6f7f4e4d-5948-43ca-afcb-50015ed03ed3_MALDI1,S
45a4130b-eb95-4bd9-8bac-f1d7779e5d44_MALDI1,R
7bfcf6a4-4550-42f8-966e-5f834476fb9e_MALDI1,R
12a73d34-3041-4858-bf5d-3aeed9c6e2ff_MALDI1,S
ce7f95b9-9f87-4632-8cd1-e0e87d58a8f6_MALDI1,S
af4fcac7-317d-4dc8-bbc6-131c8b7bf455_MALDI1,R
977fbcf6-688a-496e-abdb-3a21dbf98b7c_MALDI1,R
85ced4c2-9c5b-4b9d-a16a-3f8a340cd934_MALDI1,R
f23ccfc4-af26-4882-bda7-825de5650eeb_MALDI1,S
18535021-9f96-4eac-9006-ed08e949fbbe_MALDI1,S
de869aa7-c3a8-4ac9-b2ae-b63fdd69d2b3_MALDI1,R
61adc6a5-321b-4131-a3e2-c9b496e49100_MALDI1,S
33c654d5-044c-4e6f-b6b1-3da07726e0a7_MALDI1,S
fae12920-b8b6-4476-9097-94f2bac1f5cf_MALDI1,S
e3bc71be-b4bc-4df2-87b7-174ca531677d_MALDI1,R
1eff22d7-9d6e-4f6f-bdec-e6f718c5325c_MALDI1,S
168af875-8f79-432a-96c6-279679ea14a3_MALDI1,R
081e2229-b86e-425c-967b-3a2e897b9ac8_MALDI1,S
05056a16-7bdc-456a-9c44-5b3e7010f045_MALDI1,R
37895318-d967-40b5-850c-81d0fccfbdfb_MALDI1,S
aea686ff-9e37-4eda-b8a0-d73273d24dbc_MALDI1,S
29b92602-7fe3-40ef-95e6-5d26162e9f5c_MALDI1,S
c3776dc6-bba0-4ec9-8cc5-28834df1a4ad_MALDI1,S
82a1e62f-7ac6-4883-ad58-3372bfdcdc9e_MALDI1,S
125d3659-a361-4eff-84e9-4c00d34a3048_MALDI1,S
645f576f-06e2-42ff-80da-205726509381_MALDI1,S
aa704f8b-5aba-48b2-9857-575dad58455e_MALDI1,R
fecdd1f5-64fd-495f-a1ff-1b65c9548556_MALDI1,R
caabc47f-b544-4517-a9cc-c8ee229c00a2_MALDI1,S
00c17385-bf03-4389-9dc9-53868df46d3e_MALDI1,S
1a4f2360-d450-4fe7-90a4-c1e65e45d585_MALDI1,R
9ad03ac2-803d-49e8-9fd0-64989c254d88_MALDI1,S
f2ddaf38-ba11-4b10-87a2-e6c2c4cb3ade_MALDI1,S
de4ac5c6-85df-4384-b5de-8a13b3bfce9c_MALDI1,R
0b5912fc-c2a2-4a3b-ab8c-8b581f783518_MALDI1,S
5489aa8e-bb49-43a4-bbb6-2134e1612a65_MALDI1,S
a62cfeb5-dbc1-4885-a7ba-bf3860407e64_MALDI1,R
ea12dcf2-230e-4a7f-89f6-7d4026309ced_MALDI1,R
ddd2652b-cd7a-4f95-8960-f181a621aff1_MALDI1,R
1a744d19-c04a-4b6d-85eb-b0bd84ded3ba_MALDI1,R
c3468098-d5cd-493e-b16d-73594f3ae00b_MALDI1,R
cbc47c9e-fa45-4de5-853f-688a053bb13a_MALDI1,R
b1305caa-3019-44d7-9ea3-99b1a33ef8ee_MALDI1,S
206d259f-12e0-4ade-8207-98c38fdf4dc9_MALDI1,S
c1667732-ffba-411b-b265-ab90d1a69f63_MALDI1,S
dfc8bd1e-fc9d-4bba-8fcf-f8e0f95c451c_MALDI1,S
44fa9933-bb97-46a5-90a8-948da61bc8af_MALDI1,S
8f1c71ee-518c-4835-bc84-77966a4786d1_MALDI1,R
ddb3e309-e491-4ec4-9555-3cab1daa56a9_MALDI1,R
35470ec6-7ed1-4c2d-89ee-a57c276a4535_MALDI1,R
6ca1511e-dae7-419f-a6aa-44511c332607_MALDI1,R
4c47149d-0a54-48f6-a78c-79d33e7e3a65_MALDI1,R
70f1878a-66e0-4388-b613-88de00f00c92_MALDI1,R
3db95897-09af-4865-ab7c-71afdf48be40_MALDI1,R
508547d2-4f4d-40cd-8a0c-74864a92069e_MALDI1,S
c4bc2537-3fd6-4c4b-8599-c065d23b5fd2_MALDI1,S
401cf70c-704f-44d1-bc6f-4541115bc21c_MALDI1,S
5ee91ce0-7acf-4220-bfc8-c0b9d4fc7dd5_MALDI1,R
66f9b766-6bda-48b4-bed7-a82027ebbfd5_MALDI1,R
8ff60d2e-6801-435a-b11f-9efac6e2bd7d_MALDI1,R
238803f0-9dfc-49cd-b629-59a48be2da3c_MALDI1,R
9b9174f7-b299-4332-b970-62ce4f7f5741_MALDI1,R
5a29a70c-ad83-49c1-9a10-5efbfe7eda6b_MALDI1,S
f6e4d271-4919-4425-8a43-163b0b07386b_MALDI1,S
678049a1-91ac-4e23-b153-9f9b176e065b_MALDI1,S
83cf8720-21e2-431d-9c38-93fdac4a78c6_MALDI1,S
8d97ce05-8787-4256-9fd5-e6447be53f3f_MALDI1,S
0999b20b-0042-4a90-b4f4-f33b549581a9_MALDI1,S
57c43a56-e5be-4a75-a367-92baf33ffe1e_MALDI1,R
6233a627-4ec9-4741-9918-ca7c19323b98_MALDI1,R
900021a1-ccda-4335-a65c-39f70db34733_MALDI1,R
b2132b8f-0da9-4eb2-8712-ac1c9b68de5b_MALDI1,R
3064b142-5580-4b0d-b4e9-cfaac5d44bac_MALDI1,R
9871401b-0c55-41c8-ad43-27091e1ea53d_MALDI1,S
9904ff07-04dd-4ddf-9869-9f655a324ffb_MALDI1,S
c7de159a-02e2-4de9-9576-73389bf42d95_MALDI1,R
40630204-e50f-4400-a5f0-e7fcd7dc5153_MALDI1,S
5f7bbd74-7db2-45de-9261-d5f435fe1218_MALDI1,S
48215108-6e4f-4cb5-95ba-29c0760494ca_MALDI1,S
e7a58d3e-1f03-4d8d-9f4c-2f8b2ae3be0a_MALDI1,S
4c8f5573-a1fa-4928-82e0-8860c2f05293_MALDI1,S
c80044f1-c69f-4bfb-8b09-41ba5aa03b9f_MALDI1,S
ac07d739-5f78-4cc7-95a6-77d27bc48713_MALDI1,S
fb6eef0e-87e8-49b9-9ed2-6fa4df66812d_MALDI1,S
f11b62d6-9389-4c7a-bec2-158f87b73d51_MALDI1,R
c8342f3c-6c69-4f08-b2bb-dd8f8c6d630d_MALDI1,R
dbca952a-3c9e-4a6a-a5b8-ee59e8dbd42e_MALDI1,S
3650ed96-47b9-4c4a-8923-b91099d2d29e_MALDI1,R
40469d5b-0877-491f-9d06-92928c04c56e_MALDI1,S
baa3998d-5ac6-410c-9dff-2387d1a2d079_MALDI1,S
3808db89-7877-4c1f-81e0-b268b42e8685_MALDI1,R
58b14419-2920-4862-b3f5-9bf7133b3515_MALDI1,R
d4ff7928-8fd1-4823-8ab6-bbc81b225158_MALDI1,R
da13428f-839a-4a1d-b38c-4ce92dc6abad_MALDI1,R
4e5db7f7-826c-4973-bcc5-b698ca15e7fb_MALDI1,R
8a20c446-6285-45bb-8789-418b009324d0_MALDI1,R
2b9db398-8d79-4b4d-a187-375c6fadaec7_MALDI1,S
88e4efdd-bbf4-4fd8-8484-28386c2482cf_MALDI1,S
cdb4c8ba-4a8e-4d40-b29b-f9b32b5e112a_MALDI1,R
ebd435c5-f58d-42d1-9831-4a06b6b783c8_MALDI1,R
c593ed8f-b094-4877-bec8-68340c3a8854_MALDI1,S
a2a0fcd5-5c73-4368-be38-6fc0f6789f32_MALDI1,S
d087a8f3-ade5-47c2-83dd-f026273f896c_MALDI1,R
9e7760ef-2712-49b2-8d37-4f7875686311_MALDI1,R
6bb25a9a-e8bf-46f1-a898-8654f6a156d7_MALDI1,S
5b456fb8-3cd6-4da0-b2c0-df0e9d259ff4_MALDI1,S
352f260c-bf36-48a8-8ef3-cb19811d388d_MALDI1,R
6a61b084-b502-46a3-825c-6067e9c99372_MALDI1,R
23ca5a01-9055-421b-815f-ba98b3e0a0be_MALDI1,R
88c54327-1f02-42aa-9168-05456bd57de2_MALDI1,S
734df09b-9a2e-49f4-b31f-ad3408b4bac1_MALDI1,S
1f0fa534-41cc-405b-9832-b80203003cd2_MALDI1,R
74426328-66c6-4809-8313-dd11354f69a8_MALDI1,S
43b164ec-6a74-4d59-9889-474e45c090a9_MALDI1,S
dfa99dcf-5fed-4504-872c-246f7d535c50_MALDI1,R
e4a42978-4406-4fdf-8c5d-6d8e898f1baa_MALDI1,R
731c6b43-40da-41c9-993c-2565f45b87f3_MALDI1,S
94822220-a224-4c7f-b981-a64e1b044de2_MALDI1,R
99d99a22-0b81-43ca-a990-7a57685d38cd_MALDI1,R
85fe9fbe-47de-4024-8df2-a4994c52f74d_MALDI1,R
6c65a3d4-3e2c-4e73-a0a0-9946fc5b0cb7_MALDI1,R
4ae90dde-f850-44a8-ac47-2763baa16de2_MALDI1,S
1ae00ed4-6121-4075-b5f8-c860ef1af76e_MALDI1,R
ba1c0639-6e2d-4ee2-86f6-e15c68ebdac9_MALDI1,S
652b2394-9171-4fb6-a5b8-14b20495ba60_MALDI1,S
d6175033-ca72-4c20-8ecc-af6c4f47c10c_MALDI1,R
bd4173a0-c0cb-437d-93d3-74cd16c947d1_MALDI1,S
fb6543d2-a077-4efb-a6dc-fcb7fabba712_MALDI1,S
2d6ba414-06a1-4896-aec4-438444ce30f9_MALDI1,R
deec24ef-7d6f-4686-b821-722d16a78d72_MALDI1,S
3c2209f9-80a9-4707-ab4e-d5813e06f685_MALDI1,S
a39f6165-aac9-41d6-a039-bcdbd289dd0b_MALDI1,R
5a7bd149-3a53-4c4a-89b6-8b0753a3f580_MALDI1,S
b917b63b-ca49-4b43-a037-af04159a9175_MALDI1,S
358028a2-4c98-4b95-921c-7b99fc0ef9ef_MALDI1,S
2579aa30-a09d-4bab-b515-fd00742f61a8_MALDI1,S
fe969ca7-0ce6-41c4-8adb-77899c8aafbd_MALDI1,S
a4f4a866-0a36-40a8-83b8-7b451d54e392_MALDI1,S
b9304ffc-e69d-4b0a-a9ba-604346c1eeed_MALDI1,S
0c5abcd6-ac01-4827-b276-cbcb798a5520_MALDI1,S
4beeb2c7-3744-4be0-b043-71250efc7264_MALDI1,R
91978743-cea8-46ea-a998-fc26f80045df_MALDI1,R
29a0cb17-5385-45b4-89e8-d854a488fb6a_MALDI1,S
3e461d30-9549-493b-8c70-e083a0989663_MALDI1,R
bfc8a20f-923c-46cb-aa62-fe85850f67fb_MALDI1,R
7748b87e-9adf-4af2-aff7-092ccda6eb30_MALDI1,R
12280dda-b77d-4518-aa9a-dcedd37a0d6a_MALDI1,R
0bb9598b-c937-43b2-8fdc-14225a25a256_MALDI1,R
a5f51229-222a-43ed-831c-934b5599293e_MALDI1,S
41fd3df2-cf28-4326-a844-845a079fe88c_MALDI1,R
6889df6d-1046-4dcb-9a0b-c1e2817a007c_MALDI1,S
f5620e5d-05c6-4dfb-bd2b-0ad14af78288_MALDI1,S
d58795b9-290e-4d77-8ff1-8513c9758078_MALDI1,S
4db5cc1d-9a72-477f-8edb-29b56bab82d5_MALDI1,R
e780959a-ec53-46af-bb1f-f35e333fad2a_MALDI1,S
44b6c9d8-6c74-4279-953d-33fe6846534a_MALDI1,S
603c52ea-522e-40f7-b6da-ef5019c2a508_MALDI1,S
694043f0-e7c5-49c9-9645-30ce3d3ec8ed_MALDI1,S
f23ecc86-dfcd-47b1-8eee-e2d2d3716fe4_MALDI1,R
66f882df-6fb5-4583-9404-4e2744ffd32f_MALDI1,S
0cdf6fb7-6b2f-4d94-be06-06670ecb3d7f_MALDI1,S
7d0aaf82-2a05-4917-b419-e8433f412871_MALDI1,S
43138045-ff39-46c8-99a5-400eff01b7e9_MALDI1,S
4a360f44-774e-4d3e-8157-2d3cc72f8ab2_MALDI1,R
0eb0e025-cd8d-461b-b6df-d2e87c0628c6_MALDI1,S
fd8fac3b-ff77-4c04-8b47-f72f17d51149_MALDI1,R
61eaacd9-d2a8-46c6-adc2-b39c3874e29a_MALDI1,R
e7c793f0-fc90-4a01-a533-df976497eda3_MALDI1,R
9eeea971-1e35-480d-a551-da6dbb4570de_MALDI1,S
d7359687-0b5a-479f-be8b-b6971254a92c_MALDI1,R
5089e6a6-1833-4235-8d63-7e9063eab48f_MALDI1,R
693fbcd6-718e-46fd-9b22-52e8405fc4d5_MALDI1,R
7faef073-025c-40b1-ada0-8e1a65434828_MALDI1,R
98978188-829d-43d6-ad09-ce8fda6dbf37_MALDI1,R
af8373f4-eb4a-4cc3-8ad6-fd0e8b997c1b_MALDI1,S
3412f39b-ecf1-4dde-8481-743ac409bb1a_MALDI1,S
8e037d5e-1596-4809-b81a-faad0674d772_MALDI1,S
c71134ef-ad8d-4ac4-8fcf-73bd6491da60_MALDI1,S
8297bb19-03f6-4045-9f31-9b280ae037a0_MALDI1,S
63eccb16-45f6-43aa-afcb-29835885ad9b_MALDI1,R
bc59afa5-b71d-4d22-91e2-a7ab0fd8bf98_MALDI1,R
4b4ffa0f-5e21-44d4-aae4-efdf0e8cf852_MALDI1,R
54f1adaa-7aa4-4b52-adf2-ca53b556e053_MALDI1,R
f5eba768-905a-4dfd-9178-1d1822e113f3_MALDI1,R
9d3883c0-3264-4b61-a1bf-8d756727dd10_MALDI1,R
8216ee0b-5bab-46ff-bd54-100777c3ac24_MALDI1,R
234a52e8-1012-44f9-8f02-9b8d2a2ffde5_MALDI1,R
791020c8-1bd2-4b14-9b2b-e3fe78591fd9_MALDI1,R
c8a86a6d-556a-4201-b4a4-aab4e7d9f3da_MALDI1,S
7912745a-875f-41fa-94af-5b93865c2d4b_MALDI1,S
c950584b-cd1a-434c-b87e-145e894e170d_MALDI1,R
097a8135-7917-44bf-bd4a-2401b35bdcb2_MALDI1,R
1a8e4882-bc00-43bd-bd55-a5faa8bfc92f_MALDI1,S
b5c30044-6f11-4e66-a262-ebd93cf87828_MALDI1,R
ec16f05c-9f5f-485c-ac71-4c74dfbcfd64_MALDI1,R
cb777d04-0742-45ff-945d-fd2346a0c4eb_MALDI1,R
c8e3565a-2abf-4578-b7fa-39011ec0009d_MALDI1,R
f287e402-2438-4ca4-a802-cfa31d595283_MALDI1,R
e8cbb2b5-68b0-4dce-bcb1-d8f5a51fe844_MALDI1,R
f35a1a82-2ce6-4aef-b11d-25a99c4dce70_MALDI1,S
f8035255-4655-4cfc-b1dc-83e332c7faef_MALDI1,R
2b60841a-4729-4657-afb7-e24d3894a034_MALDI1,R
1f667efe-6832-4d0f-a02d-e2e7972e1493_MALDI1,R
715bc1c6-57f0-41b5-b09c-e3e65fe83301_MALDI1,R
1e6ad1eb-ef4f-4025-9ba2-30d4ef2c44b4_MALDI1,R
8c00a1bc-15ca-489b-9f61-85c5081d10fc_MALDI1,R
bc5b6282-8f2f-4b55-a71e-0cdbbd7a0fef_MALDI1,S
f16974e1-6016-416c-827c-350cdc77db08_MALDI1,R
8df2dee6-59ad-4bbd-820e-f083cd913955_MALDI1,R
f5b47284-8d14-4f2e-89e9-90e27a862126_MALDI1,R
1f1f7655-e98c-49d2-ab2c-2cbdbedf3e61_MALDI1,S
44cd9ffb-eeff-469c-a00a-96621aa6a667_MALDI1,R
24111506-4b14-4142-bde3-df8ced6167b1_MALDI1,R
ea98b0a8-994a-4071-8591-986471aed29b_MALDI1,R
c0f956b2-fd51-4455-9dfb-1a90b549daa0_MALDI1,R
47d6626f-0b5d-4467-a2bc-80f7585274d8_MALDI1,S
7fe43273-4696-404d-8b0d-eac1edd8c201_MALDI1,S
a1d0802c-b62a-43b2-9978-f6396035f13b_MALDI1,R
348941a7-cfc0-4403-90bc-fb68131cd81c_MALDI1,R
7cb16e8e-fff6-41c1-bcaf-ec4bb8f4d637_MALDI1,S
9744824e-384a-4645-87f5-3fb89d4bfbd3_MALDI1,S
86c8bf9e-b76e-47ed-a2a6-e1f26306d4d8_MALDI1,R
fc5d61b0-3a65-4c59-9a5e-294e2858ce62_MALDI1,R
30f7102b-50c1-45bf-a129-f275b5a3e39a_MALDI1,S
ddb15581-00df-438e-825a-ac1617e6375a_MALDI1,S
f6a66881-7d3e-4e40-bfde-af8760ff6d32_MALDI1,S
4bb51625-767f-4f85-8f0f-1c7316986ab9_MALDI1,S
25159015-d9fb-406e-9266-a7fc44ad1537_MALDI1,R
55e7224a-3c00-4b3d-a320-84e723335a73_MALDI1,R
e32e5300-b035-438c-bc65-5ed259610a4b_MALDI1,S
a94e4b03-7948-47f0-9944-400df75f7da0_MALDI1,R
c0b26233-0a64-46b2-bff6-cacdda5f795b_MALDI1,S
35d3c511-916c-43da-af6a-d8cdef70308b_MALDI1,R
090c428a-1d8b-45cc-a007-8fc14bd65fbc_MALDI1,S
59bf8819-c44b-4923-9096-01a9343e0d17_MALDI1,R
4d7e7284-51ec-4929-8552-db68991fb7d5_MALDI1,R
64f55070-25e1-4f2d-89df-36c1d8f41c36_MALDI1,S
f45010d6-56c7-4b0b-b173-7329835db8d8_MALDI1,R
d2f852df-6639-469e-94f0-57e90e3441a2_MALDI1,R
24228309-3ff2-4bb0-b48f-db180c39e715_MALDI1,R
a6fbbe46-f42c-4807-9802-86bf278005db_MALDI1,R
69f1828c-de05-442d-a227-12197680dece_MALDI1,R
69084410-48d2-4ae1-8d28-b887a919dc82_MALDI1,R
79caf486-5eed-4044-9988-e201e2fea815_MALDI1,S
96511ed9-42a6-4671-b427-0be3c57e8e23_MALDI1,S
e5ffcd13-da6d-4a83-9646-66ac7a3faeda_MALDI1,S
2398ffd2-b789-41f9-9250-62be04ab6f69_MALDI1,S
d8d3911c-43ff-4714-92ba-6e346a03204a_MALDI1,S
43ed1784-06f0-4807-9022-3d4c6281dadf_MALDI1,S
d897104c-7a69-43e9-a219-1578a65018f7_MALDI1,S
ebc9f67e-f7e7-4f54-83d8-847574a9d977_MALDI1,S
397ba4e1-8109-46cd-b486-523ae43553a9_MALDI1,S
828038ff-67a8-47ed-994d-6943f8838e41_MALDI1,R
d1c7c22c-c8b0-4c9c-93c3-5c12aadc7d16_MALDI1,S
17f58432-693c-42c4-b7ec-658be1457fa5_MALDI1,R
1a399a26-c0c3-477e-89dc-0bf873f2ebb9_MALDI1,R
59fb6795-04c2-4edb-bfab-fc5fd557a49b_MALDI1,R
850cdc1e-3371-486f-8e9a-958826c3aeba_MALDI1,R
4a3bb704-156f-4ff8-aca8-2f55ed338ed9_MALDI1,S
f2664877-8187-4baf-938d-e866dfac6fc3_MALDI1,S
7f4d489e-891b-48c7-b415-91d75db97721_MALDI1,R
61b5fdf3-cb51-42f0-9eca-acae5523c142_MALDI1,R
ac458c64-5f76-4b9e-9ace-d63e9a895e8c_MALDI1,R
94997afc-8d04-4f41-8321-17c1b8ee4fff_MALDI1,R
ccc00a61-9d86-482e-99a2-7783885051f7_MALDI1,R
5961a913-0e9d-4cfd-9a27-559bb26bbecf_MALDI1,R
587866ab-4ac6-4ef1-8035-b0b2291f6b00_MALDI1,R
7a3fe493-5d7b-4613-a352-742a374ebacb_MALDI1,S
0684737a-aa52-4812-82a6-33a18b4291e1_MALDI1,S
5f032bd3-2e29-4b0f-bfa7-8119332b2df9_MALDI1,S
11a03722-e7e6-42f4-b515-5615a6da2a69_MALDI1,S
48a215af-6212-4c74-905f-148a4ee54727_MALDI1,S
db42281b-4738-423c-bdca-9c9bbb07df58_MALDI1,R
971b8bed-570f-4b52-82e7-bbbca907c36a_MALDI1,R
eab4273d-61e3-4c48-94d5-0c929c1848ed_MALDI1,S
c6eee098-2f58-4c09-92dd-8871cec414fd_MALDI1,S
10e08cd1-7151-4835-bbda-b09048607c2a_MALDI1,S
be682921-f628-42b3-8e99-3a5a25b6c11f_MALDI1,S
d37d386e-8871-4537-99ea-67189148d9bb_MALDI1,S
5515d104-8089-4770-b2dd-59346a1bdae1_MALDI1,S
900da810-7adc-4dbc-a8d6-4d34a501ea76_MALDI1,R
185298a9-7ae5-4bf5-8eee-fca28cd71445_MALDI1,R
f4274a9f-fe06-4a6e-807c-d4dc626c259c_MALDI1,S
ba9ebdd7-31a7-43b5-ad57-1fcb18d58989_MALDI1,S
d4eb5efb-0e21-4034-a59e-3f0cf103edf5_MALDI1,S
e89b7924-6276-4910-9449-c52f751dfd42_MALDI1,R
d12559ba-05c6-4cef-b430-a65fea7684d4_MALDI1,S
d28e5b82-4d29-4778-a207-4abf2413af36_MALDI1,R
63cccb9a-a752-429a-a247-1c57b212a452_MALDI1,R
886829fd-857e-4d2d-bf2e-7c43f1e001f8_MALDI1,R
468efd5f-64b7-4134-b346-1431139355fc_MALDI1,R
71d60a7e-8254-4a1b-89c5-b5b0892a9d06_MALDI1,R
d3b1ae2c-8066-4760-827d-f5079df4404f_MALDI1,R
17e0e7f2-ec0c-45af-8efb-8fdb65e43426_MALDI1,S
288a8623-d947-4dec-aadd-64ffa6243a73_MALDI1,S
7dc35205-034f-49f8-b741-812d6720875c_MALDI1,R
299795bb-50a0-4a36-a97f-43b0b3699f8c_MALDI1,R
eba9c149-0af1-4306-abc5-87d651100878_MALDI1,R
fe717b45-5b2d-4a56-a6c0-a04b425b6490_MALDI1,R
484f3327-7653-4b93-b924-6b432700e610_MALDI1,S
1c983c5b-7de6-4a1e-a97d-d119b777831d_MALDI1,S
9fcc0401-f772-4316-ae16-9d2329e1a2d6_MALDI1,S
8557b541-eb38-4443-ae86-49e8d64dc453_MALDI1,S
9844d517-a9ad-49e3-ab92-12ecdec8567c_MALDI1,S
254868e3-edbc-4a6a-805f-89e2480922eb_MALDI1,S
eab6d35c-f745-438a-9bc5-f53d8aa4edde_MALDI1,S
86092ae9-e935-43f3-b753-90ceb9a50cd7_MALDI1,S
6f5262c8-4e48-4630-8ab3-058fe0b7fedf_MALDI1,R
a4ec3548-b24e-48a3-b41d-0684c137fd42_MALDI1,R
be2da2e8-a87b-4068-a2cc-3f27981ead5f_MALDI1,R
d9ceecfe-490e-4db5-bd7c-4b95d3bda4d8_MALDI1,S
a92b8d93-c05f-4498-a18e-daee3d62d935_MALDI1,R
8bcace1f-4055-4c84-99d7-63cfba7f222a_MALDI1,R
5bb1f938-5f9b-4116-851f-14aea1364d82_MALDI1,R
8569dccd-d702-431f-950a-9f667e919510_MALDI1,R
e1189b62-ac6d-419c-bade-7c8c3eb1a8d8_MALDI1,R
4372f567-ae38-46dc-9b44-e848aa962e90_MALDI1,S
e684bdca-ff4f-4721-ad40-cef8eddd5371_MALDI1,S
97d8f9a2-6a0e-4057-8c24-78283c266fb2_MALDI1,R
1de966c0-6027-494b-9a0d-fb6c1763dc25_MALDI1,S
36505320-5634-4b2c-bb40-962711822472_MALDI1,S
04354602-e050-40b1-a222-01bb9efd16c9_MALDI1,S
b32d61ec-070c-40b6-b714-4ed261bc64f2_MALDI1,R
946c46bc-999e-4a48-a489-bc1d99e8c4e2_MALDI1,S
9da9cf89-e358-488a-9322-4bc0cd546a54_MALDI1,S
927b56a5-c86e-4034-98db-82d229e143df_MALDI1,S
59d8530c-2835-49aa-b425-486943541dc3_MALDI1,R
94a4dca2-40ef-42f6-ac8e-a9d750876e54_MALDI1,S
19be6bab-656b-46f9-88ff-20694b6c681d_MALDI1,S
95f078c9-985e-4ada-aea5-17927d5d4cb9_MALDI1,R
d9feade3-b13c-4ccf-942a-daf0bd995d21_MALDI1,R
01f05b77-16d2-4c80-a714-af747a2cee41_MALDI1,R
8f66a9b2-161f-4f44-beb2-68e52e238b56_MALDI1,R
e2e312bf-ead3-4ecb-9183-485aef765213_MALDI1,R
22291dd7-acb5-4863-887b-f999ea833a10_MALDI1,R
3830555a-35ea-473b-89bb-f7026595f703_MALDI1,R
e899f517-c169-438c-844d-aee0de5d8b8b_MALDI1,R
ed0a4430-f60d-4844-a120-3cd313d5ec3f_MALDI1,S
baa34347-08b6-44fa-a7c6-c0931cfd2de0_MALDI1,S
33228d77-a4aa-4b77-a06e-f4fa1b990d55_MALDI1,R
0368f559-733c-4085-8329-1c3bb46c6143_MALDI1,R
230fc60e-61e0-461c-8f2a-99f20cc8a6ce_MALDI1,R
f1154a4e-ea3b-4c30-8013-548d5516fa4d_MALDI1,R
eb4e58fc-3fd9-40d6-a20a-e0e99d1252cc_MALDI1,R
eeef553e-6208-4945-84f2-92c4f8753516_MALDI1,S
2dff408f-0f28-440f-84d6-7287e8228a93_MALDI1,R
b223fe85-7e1a-4300-a244-25b9d74f67f8_MALDI1,S
d9dbb7b1-0358-4c3a-a77c-08ed6055dbdc_MALDI1,R
cab993fb-1f7a-4622-8750-b71261c4b6f5_MALDI1,R
b179a3f8-7ce2-4ba5-b453-a7ba538aab2e_MALDI1,S
49c5eb8c-15f4-4e5f-9bce-786c3565370c_MALDI1,S
f68019d7-3b0d-4e2f-ae37-87cc54603082_MALDI1,S
fadce93c-822d-4060-9b46-e5572083e816_MALDI1,S
39671d79-d95a-491c-8a6b-19b03cdfe815_MALDI1,S
7500327f-bde6-4b9e-ab1d-90022a108a6f_MALDI1,R
7518f5f9-cca4-4ffd-81e4-87c2ddf3c733_MALDI1,R
584494b4-ce83-4b7c-8ff2-e2392b44c90c_MALDI1,R
41d3cf96-d0a0-46b5-8395-a17179537b4e_MALDI1,R
b58a6d46-a4fb-4bca-bb48-26ead49558c8_MALDI1,R
2f90e891-7532-4117-b7cb-9b734bf82a34_MALDI1,R
65622c9e-80f8-4abc-b67a-bcfeba0a2481_MALDI1,R
11208828-41be-44c3-a0f6-535849cf98e2_MALDI1,R
69883788-b845-4370-afc0-e7a0f5b56261_MALDI1,R
1f1d528e-cea9-44ef-9542-165374ca3dec_MALDI1,S
689e9aa3-7904-4c4b-9a71-badbd1e401dc_MALDI1,S
bccdd969-cb1d-4177-b33b-7d27453b4cee_MALDI1,R
ba352653-9b08-4fa5-8e1f-37080f3dc96e_MALDI1,R
cacf74b1-ec05-40f9-9502-e686a2343bbe_MALDI1,R
9e9a0268-debe-4dfd-84a5-f2f6e721839e_MALDI1,S
f83e45df-3d2e-4fcf-ae73-0c7e13612cfc_MALDI1,S
f549168f-241f-4942-b228-58b35f4ee873_MALDI1,S
5b13f52c-c882-4efb-8b93-4eb2a1eaeea6_MALDI1,S
a052dcfd-685e-417a-b65e-972d72b0cb2b_MALDI1,S
c35363d2-44f9-40b7-a9eb-14caf2276d0b_MALDI1,S
d320b872-e298-424d-a9f3-733037ef2a99_MALDI1,S
4e4a69f4-1134-4b91-9138-8b5a3f69220c_MALDI1,S
2068e3f5-0bd9-4081-84f4-be6a9301c1d3_MALDI1,S
4404afd3-ca22-45a6-b880-1e6cc3bf5ec8_MALDI1,R
e1a65be0-8999-4c5b-a3b0-145c7ee78758_MALDI1,R
99d13480-be84-4584-b4cb-e98114d0b115_MALDI1,R
291deea3-5699-4c42-9b58-a9860f8d4fc9_MALDI1,R
ce6d3e72-ae8e-40f1-900e-e3c56f51cf8d_MALDI1,S
78b8f8b0-39ed-4f0f-9c2b-268dc9714948_MALDI1,S
d4f8e82e-ce41-4b36-9ea1-f0a474adfbc1_MALDI1,S
ab264b82-2ab1-4ce6-9abd-d816293b0468_MALDI1,R
7e80f7b5-058a-4492-b6ff-c5c3549db2ad_MALDI1,R
938e0749-d4db-4c28-b8e6-03698a6507a9_MALDI1,R
6c56cea0-8e08-4b9c-b80c-d12ea6f612b2_MALDI1,R
a3b93695-bb8e-45ed-bd91-c8397de099f4_MALDI1,R
dbc0e354-12ce-4268-b017-241bacc80fc2_MALDI1,R
74dddf70-f8c8-479f-8d3d-811f4ed9681a_MALDI1,R
adc99e2b-80a1-4c29-88de-ffdf99134e36_MALDI1,R
8b912dd0-39b8-443c-ad21-323b96d93a40_MALDI1,R
dfdc3c78-8c60-4662-9397-04af2bfb5396_MALDI1,R
51533c36-956e-4111-adbe-16d88167bd3c_MALDI1,R
d376ab84-7440-44d2-839b-fe5d1df9fff3_MALDI1,R
f27fd44a-a980-453e-8127-22e3a47ae62c_MALDI1,S
c5cf7f9a-32cd-4850-9ed3-3af17089518c_MALDI1,R
4dcf1e58-c75a-47d4-9d3d-3f39fe3efb6c_MALDI1,R
532617ea-ce1f-4370-862f-443bd93adc43_MALDI1,S
672cfcae-94f7-4ae4-9114-46b2366ba408_MALDI1,R
35bf6222-2cf6-46fc-a6c6-96a5d19d5e45_MALDI1,R
691c04b3-f357-4011-b18f-7bcdf3deb852_MALDI1,S
60c06be7-be6b-4a3b-af37-0353bc88c7d9_MALDI1,S
e7b0d264-33f8-44f0-b321-9c519486a5be_MALDI1,S
ff018273-da64-4118-9c49-3187fa5c0c5f_MALDI1,S
c301ea2e-b6c8-44b4-bf96-b240866f6332_MALDI1,R
db7ea20f-b8ab-48fd-bea3-9c87e900c3a8_MALDI1,S
2df06076-19b3-4360-97ed-7e8da3ee6876_MALDI1,R
470ba890-e301-41e7-87db-a123f1b0cf14_MALDI1,S
c60be121-5fcf-451c-b84e-1c6a0f7dd5e3_MALDI1,S
9db39d97-502e-421e-9662-e3d3f65870fc_MALDI1,R
9750b6c6-991b-4c19-9c8e-62bbcc03eda2_MALDI1,R
7a2a0473-2ecd-445f-9d21-83b7a85f6871_MALDI1,R
0d43ad6d-cdb8-4be6-bf2a-cdf9dfed2661_MALDI1,S
e7e1c769-380f-4d0d-a9f5-d61deda00908_MALDI1,S
193cab54-8910-49c0-bfb1-5aaef8b0a4ec_MALDI1,S
df962b25-c347-43fb-8ae3-bb0545925469_MALDI1,S
1fb47feb-f69b-45d7-91cb-8f0814df4e4f_MALDI1,S
17e46e73-6964-4e4d-b78b-cb2a1d2e18d0_MALDI1,S
7666d31b-1b8a-46fb-b958-daf522d138e6_MALDI1,S
d85a7899-b384-428e-9624-4a9f8810e408_MALDI1,S
8541ea25-1994-4a9a-b4de-f7b76a9e16f1_MALDI1,S
679931b6-f354-400d-b8b2-55c09e46ab34_MALDI1,S
f0290d8e-3035-464c-a674-26d85f53b716_MALDI1,S
f855c487-709c-47c6-b7b1-b3f9a4665116_MALDI1,S
8d208098-aba4-4240-801f-b0aaf8f462ca_MALDI1,S
a4c1938f-ca44-4751-887b-2805ab4713ea_MALDI1,S
3151d1cb-85c6-4e45-907f-863e38da55c3_MALDI1,S
8ef49038-785f-44dd-9e0b-c141d2421909_MALDI1,R
80759daf-2fa9-4481-90fc-229ce936fa9c_MALDI1,R
79162d3f-d23c-4f35-a551-438f05b014c6_MALDI1,R
9a50d209-45d7-48fd-bfe4-786b814a9c81_MALDI1,R
97bbf5cf-b120-403c-aff0-dce6bdd241af_MALDI1,R
e24dc9b8-e22c-4a9c-a211-9ef4a3b961a7_MALDI1,R
70b6dc8f-f2b4-44a7-95a4-0d902d048aae_MALDI1,S
56d4b874-9f0b-44bc-ae19-0e8206c879d3_MALDI1,S
d7a91214-88f8-4259-98e7-dacb05fd30de_MALDI1,R
46bb48a5-c6a9-4fe6-8d5a-4c4684c9fa42_MALDI1,S
4afa5d8c-30b1-4641-94af-1de6188fffea_MALDI1,S
15d8bd4b-4d3a-4d47-b899-47282ff3e6f3_MALDI1,S
db9314c8-cb10-4c75-96a6-b28731d8bee2_MALDI1,S
23646e15-42bf-4484-b217-2e51fb7229a9_MALDI1,R
cd1a435c-397b-49f5-8f8f-ebcd1a4a336b_MALDI1,R
5db62700-d5b6-431b-b89a-06a663f3739d_MALDI1,R
977632e4-7b2b-4b0f-a4fa-df62df82618c_MALDI1,R
a5f859f5-6f0e-419c-af40-071bb4f83cd7_MALDI1,R
bccad297-224a-41fd-a722-6b65700f2d78_MALDI1,R
43aebbb2-425e-4694-b642-337c7b048de3_MALDI1,R
06f6b814-993a-4748-8ccb-723daf7d9d88_MALDI1,R
0db568d6-3b11-484d-9438-98a39e28dd2d_MALDI1,S
0b360a8f-bfe9-47a2-a4d1-5eba80947023_MALDI1,S
bb96bf07-fab9-4595-9beb-5b26ebfefb79_MALDI1,S
391b98fa-7d72-4429-8883-00032aecac8f_MALDI1,R
350ab87e-ef96-464e-8f17-caaa89724f0b_MALDI1,R
fcef8c49-f2db-425e-b27c-f3cb0ee78372_MALDI1,R
fa8206ab-cd54-45f5-9535-d29b97dd956f_MALDI1,R
acaba68c-ab53-441b-8ed6-e85366c48c5b_MALDI1,S
7fb5225c-2c01-4cb6-9d5e-cfdf9043d5ff_MALDI1,S
818e7e48-a349-4aeb-8ee6-19da9f31d25a_MALDI1,S
3098ef8b-74ef-4c50-b463-efcb850b9ce6_MALDI1,S
8c2365f9-96a5-447b-91cc-ddb0d3f14297_MALDI1,S
970639dc-6e64-4cb0-b3cc-280fb680efae_MALDI1,S
8fd52359-c381-433a-a5c5-607156925f2d_MALDI1,S
405aca91-b071-4eac-aee7-0f5bc0692eb5_MALDI1,S
8573f8e3-cb16-4ccd-9426-e5bfd019cb9b_MALDI1,S
02cf1e1a-b0bc-4c86-a7a8-1fc8f4c1e021_MALDI1,S
f360badf-962e-492c-a4af-833717e0d460_MALDI1,R
9a07c150-c45a-46e3-9a48-09a2a76f0f40_MALDI1,R
b3065574-6681-4c76-b675-ab01de29109f_MALDI1,R
4fe2cbff-10e9-47dc-b40a-ad6f83cb0f00_MALDI1,R
a9353c7f-84dc-406d-bde9-1be223b91ba6_MALDI1,S
a53604de-4daf-49d0-be46-49e27e149eb0_MALDI1,S
498cfe76-530e-47e9-8b74-7d64d74cbc44_MALDI1,S
1ca8343d-e584-433b-9853-0e45b731bdaa_MALDI1,R
9a47f95d-732f-4e28-a27b-e5020fc86e57_MALDI1,R
68a384fc-5e00-473c-9221-9f1691a71093_MALDI1,R
cc54004d-758a-4a33-a676-32459829832b_MALDI1,R
850aaa2e-22e6-4d7e-af44-2119a6c8a0ee_MALDI1,S
e9fc4816-2b3c-4fd2-90ba-3572f638133f_MALDI1,S
cbefc80c-425a-484a-beac-f957b4621175_MALDI1,R
a30b504e-d16b-46c9-bae2-27ca2569f287_MALDI1,S
7fbbb880-df73-4dbc-811e-2d8983972c9d_MALDI1,S
fafa02b9-57ee-4c34-9001-59bad0b4b520_MALDI1,S
e3214e6f-c838-4f78-acde-5866028c06b9_MALDI1,S
1fc71b66-d479-4be2-a6ef-aa9ee96a2d83_MALDI1,S
1c13afac-8220-4714-b875-9d6bdd30b277_MALDI1,S
1c14a1f4-28d2-4698-a716-ce803e77ff38_MALDI1,R
6989ffac-2ad3-47e9-813d-84649ce2a209_MALDI1,S
5c48c995-0998-4a2e-8f98-031c595e08c2_MALDI1,S
ba597e3f-4b42-4bd9-ad0e-3f594bdbe17e_MALDI1,R
573fc737-8f84-4ad8-a0fa-7e7d0eb3aab2_MALDI1,S
36e1827e-1d0b-4a3f-8c5a-c06051fe7c8b_MALDI1,R
bbe27faa-535f-4dc6-8455-08a0a6b34c20_MALDI1,S
857deb10-a71d-45b5-bf35-dfb0fa9ffff3_MALDI1,S
e3222c19-710a-4cd1-b925-1d2163eae883_MALDI1,S
844f48c8-eab3-42cc-9b7e-7836972f6013_MALDI1,R
1a198181-c944-4aff-85c1-5dffbee38774_MALDI1,R
1e82774d-dd8e-4293-abb5-091a32e652ac_MALDI1,S
6887e944-00b8-431d-91e7-7b4beb36c7f3_MALDI1,S
565fed1b-d93b-4e14-a332-6d3ab3aa0d8f_MALDI1,S
579fad7f-4c23-4cd4-a6fc-84708a5bd41b_MALDI1,R
8d8b9500-eb19-4a7f-a844-fc147b825028_MALDI1,S
5d4a5dfd-83cf-4696-978e-4cf0204ebd58_MALDI1,R
9c6cf83e-05b4-41cb-b4ce-ab3f575aa99d_MALDI1,R
afd02872-9aa9-41ef-a74b-8e2938cf2b2b_MALDI1,S
855e21a6-0653-4220-9e9b-78f8430a8384_MALDI1,R
741d174d-6fe3-4f1f-bf23-206f653405bd_MALDI1,R
2f848eb0-1068-4330-bba8-293cb3afc2ab_MALDI1,R
91a99af6-e92d-4c0a-a9ce-c4757664d50c_MALDI1,R
f6ec6b6c-b64e-4263-8589-8fcea5e1a964_MALDI1,S
f8311397-aa7a-44bd-95a8-66e43b82c255_MALDI1,S
a6313433-0e55-49e3-b98d-71f6e87fa5d2_MALDI1,S
05d0253b-2af1-4f9e-928b-29af652dab38_MALDI1,S
c7ba9f48-0c15-46f5-8468-91b421ea10eb_MALDI1,R
e9b16244-03fe-4159-ba58-c7cfe7010a75_MALDI1,S
87c33982-af1d-46f5-ac2f-73100ee9248d_MALDI1,S
7a0db689-2cb7-4597-b043-52d3ecf8c240_MALDI1,S
d9b916c4-5652-4514-82fc-fa8422c4cccf_MALDI1,S
c246760a-91a6-48db-8b68-0e35d7655fc0_MALDI1,R
4d2268b3-7232-496e-9dea-21e3f2bd0b91_MALDI1,R
9f139997-adfc-43d1-adc8-86a21292da38_MALDI1,S
1d5c5eb9-0be0-43c0-b3a9-02baf27cc04b_MALDI1,S
c150566a-1c08-42a2-9f99-4b8760c02e32_MALDI1,S
0edbbeea-8be4-49c5-bb1e-db320344d78b_MALDI1,R
2825de11-6ed6-4282-b326-2888f5a7717b_MALDI1,S
aed5a28b-63b3-4335-9935-2d18917f3bab_MALDI1,R
24eb844b-2f06-4559-bfcc-452d18764592_MALDI1,R
b68635b3-fd25-4aeb-a2c3-70c587d22765_MALDI1,R
e576c98c-b687-4cf3-9ffa-80deddc97369_MALDI1,S
4d4676c6-149c-43b5-997c-75236f559a13_MALDI1,S
1982c9c7-1c65-42b6-a64d-65bcea8e3a3e_MALDI1,R
64e4d2e7-53f6-4884-a268-5a84636da0fe_MALDI1,R
fd0a2156-507e-4e7f-bbc2-ed7da319e938_MALDI1,R
b6f48454-509a-46bb-b765-6c1b1b68ac46_MALDI1,R
d96c9605-b2a2-4259-ab4b-c81b727ca873_MALDI1,R
37a73e6b-26ae-4cfd-8224-3f2e0ea15b29_MALDI1,R
a57e032f-9e6f-437b-8e32-b8f723ad8133_MALDI1,R
14cab247-f0fd-4a01-8efc-aae715260048_MALDI1,R
e6b912dd-2900-45ba-bc4b-023b5c7be40e_MALDI1,S
a5a1fe82-4df0-4886-b1b1-9660f45132b1_MALDI1,S
b44cd16a-e0bf-4ce5-8ae5-62a23c547184_MALDI1,R
a2f71203-f67b-4b06-b1b1-263a2bb97342_MALDI1,R
3ee4f6f1-124b-4ee0-a01f-fcc48df195e3_MALDI1,R
b58b839e-bc03-44de-9c98-d54490843604_MALDI1,R
befbd406-1096-4543-ae3e-ea782b634a32_MALDI1,R
5abc6fd3-65ef-4bba-a8e0-6868eae43e70_MALDI1,R
b0ba1c1f-1bfc-4889-8f92-75f3c50f4545_MALDI1,R
e0adfb88-fc50-483d-976e-eb6f01c977b1_MALDI1,R
63db08ab-bfea-4c16-bcce-5428888622b0_MALDI1,R
59d305f3-ca92-4148-8e69-1f564380b345_MALDI1,R
054cfe49-ef03-4fff-9206-843327936c84_MALDI1,S
6084b51f-1296-483a-815e-e2216f670fb4_MALDI1,S
1e29b66e-50d5-4595-b764-aaf4e311fa67_MALDI1,R
fbd1570d-b026-40ac-8a45-c8f2a3b06c9b_MALDI1,R
e29de6c3-6eaa-452c-9bb1-7669614817eb_MALDI1,R
1534306b-d765-475f-aeb6-224e52183155_MALDI1,R
6bccf6d5-1763-4179-875c-4eef7e729d99_MALDI1,R
6b8ba752-d05e-41a9-b515-0c8d02b0cc50_MALDI1,R
5a14197c-e1c8-49e9-9fd7-33c25ea70aaf_MALDI1,S
f1858777-7e00-488e-aebf-fe4e3806a494_MALDI1,S
3480c42f-7734-44d7-89c6-e323712ff1c0_MALDI1,S
192daf4d-5737-46ce-991c-84e926696178_MALDI1,S
2aa31104-0068-4a1e-835c-df4867bebe0b_MALDI1,S
78421d0a-a923-4b5e-ac98-4ee0a158b591_MALDI1,R
49e6f2de-8d95-4105-be7f-fa88a23cb7e0_MALDI1,R
67b6b3f2-b3f9-4811-a078-0596b285eaa3_MALDI1,R
bce2caf8-866c-4d26-aab7-bbfb406f64b3_MALDI1,S
3d22b03c-bfc7-4c72-8b55-114975453d36_MALDI1,S
cf8a1a18-27d9-4ee2-9442-97254b4b8b08_MALDI1,R
59af4fb7-15e0-4bac-88de-0e8c4cd8c3c7_MALDI1,S
285e7dda-1ad5-413c-baa5-a676e62126e4_MALDI1,R
cf03c246-1c5f-45a1-b904-8927d963fc8b_MALDI1,S
3a142da4-fe67-43da-9c5d-d23425335005_MALDI1,S
39a8c89f-4555-43ff-ab59-e10dc322c55d_MALDI1,S
10e2b236-33cb-4178-ab07-af4509fda062_MALDI1,R
691b3889-47d9-4599-a8c1-3db24fe03db2_MALDI1,S
7ff47563-44fe-470e-b4e2-4b5651f72d02_MALDI1,S
120d577a-37be-4191-a367-66f290ebde1e_MALDI1,S
a35e2c1f-1d78-4f02-a5ce-5417d53dd0b8_MALDI1,R
1eb1f389-94d2-49c6-8e79-c761c6ad61b8_MALDI1,R
3b55666d-f316-440c-8ded-eb91ca958238_MALDI1,R
1497e47c-d145-4b6c-850a-00d448940d09_MALDI1,S
910f3ac9-1c14-4448-81a9-96757df92392_MALDI1,R
bf619b16-7ef5-4c57-aeed-17624909986a_MALDI1,R
734e6211-d31c-4111-9824-d9c9568fed27_MALDI1,R
44e2430e-0706-45c8-aa04-ff12b838a506_MALDI1,R
e5ec436a-ad88-402c-b8e9-c025e4d270a4_MALDI1,S
c3fb9fd1-be08-4dba-956c-545eab672016_MALDI1,S
31400969-725b-4c00-8ebd-c1681542552f_MALDI1,R
be8a2fc5-0255-4932-a6bb-d560f1cd2357_MALDI1,R
d3dc0764-785f-4e03-8e1b-7fd790044450_MALDI1,R
0af5854f-90fe-4f1b-8494-10d6e9cdc22c_MALDI1,R
8439e244-62a3-4cf5-b338-49e46731a403_MALDI1,S
3ba00ca6-db2a-49c8-95a6-59ad38ce5758_MALDI1,S
308b40b8-614c-4a73-a44b-fad1e016d44c_MALDI1,S
ca717c14-1582-4a21-ad41-0871093c522b_MALDI1,S
c5847fc4-67db-4e8b-ac84-44ba6bd92828_MALDI1,R
adbcd1e9-b8c3-465d-8ef5-aa0e63ba410f_MALDI1,R
1b2388d1-8041-40be-b938-85f119ad6a39_MALDI1,S
2f6568a9-5c22-44e9-b947-d1e94777eebd_MALDI1,R
fb03a3c6-5334-4ad2-9720-a4a47fbf6a4e_MALDI1,S
e5914889-536b-4d7b-a2db-e59b3891b337_MALDI1,S
84b8d228-a603-434a-95fc-aab85ec54470_MALDI1,R
c52921dc-358e-499d-9ca2-f9f1dd1c31d6_MALDI1,S
7ce21878-4e7a-41e0-9d38-d1a041220094_MALDI1,S
fa83b35c-9335-4aa0-837e-b6a95701d6e8_MALDI1,S
d977ed1b-da2f-4817-abcb-233657a26838_MALDI1,S
14f44684-c8c7-42a4-805a-ed3f1140c114_MALDI1,S
8a084abe-a6b1-42e4-93b0-4d04c2cecfbf_MALDI1,R
f7942901-552d-44dd-94e6-af7839f7f75d_MALDI1,R
9f2e1781-54d4-4a74-bff1-ceaf4beecda4_MALDI1,S
c5e416d0-983c-4209-bc7a-1f76aa4b6a2a_MALDI1,S
c8a4bec1-62ec-4004-95e0-744251ffa746_MALDI1,S
5a729326-d216-4aaf-93e2-3c20432c8ce6_MALDI1,S
2c70bde1-fd77-4013-a051-37c0fb5cd5ee_MALDI1,S
1ed38ad9-5023-4163-b1ff-f31af413390b_MALDI1,R
f9a1fa73-6c68-456f-98f4-f5ebc52e0654_MALDI1,S
53f32d13-83c6-480b-8804-2ffa5b95afc0_MALDI1,S
12702571-bdc8-47f2-bc23-27e864fea052_MALDI1,S
0a398226-b235-42cd-9cbe-5db5c834c60a_MALDI1,R
3de411fe-2ed3-4b94-8561-b6f30e6f37e7_MALDI1,S
dc233968-c5a6-4e9a-b292-be7f022fcccd_MALDI1,R
618ec47c-1ae6-46ac-9ba6-e896a7cf9b26_MALDI1,S
00c1acfd-805e-4c9e-b771-dea8669cbb99_MALDI1,S
8300c3df-5f39-4f91-a5ce-8c6eee0e7eec_MALDI1,R
e93e0759-f339-4447-a2a9-29cad6097569_MALDI1,R
6b11f520-d27e-4d87-b105-b49c8d3af979_MALDI1,R
a5872599-39e1-4d61-a0a4-16e21b29fb7b_MALDI1,S
21e81303-0d5a-4e42-8982-e941316802ca_MALDI1,R
28b68ffe-7e69-4f3c-914a-e917fbb7898a_MALDI1,R
5f79bd57-ccaa-43e4-9950-e2885daeaee3_MALDI1,R
6abf22c7-d776-4d6b-8bc8-4ef4d71111f6_MALDI1,S
e9353781-05c1-4019-9818-6fe2468f5988_MALDI1,S
8ef68c16-08dc-4685-ac34-bcda3d802162_MALDI1,S
5df3f28d-fa86-493d-a90e-a2d6d3aefd66_MALDI1,S
75f8e924-f61d-480e-9a1b-c6f75ca324ea_MALDI1,S
6f0b2989-e44c-4e89-aa86-facc2a51ce7d_MALDI1,R
f792e45d-78b1-45a0-aa43-b648c6b16e35_MALDI1,R
9163fde3-76cc-47df-8407-3ca7a11f4f03_MALDI1,R
eaff5fd1-31ad-4cfe-837b-f7214e022108_MALDI1,R
9fd607e0-46a1-4d6f-a4ee-bd566e29a581_MALDI1,R
2908917f-fad6-447f-a53e-12d27254522b_MALDI1,R
86f16c27-7c6e-4262-b189-5b6ccf6672d8_MALDI1,S
795cd6d4-5dd4-48e4-9b0f-094c03309097_MALDI1,S
2a99bcb2-d33b-4e65-a6f9-97092b112e32_MALDI1,S
69ff3c5b-5d9c-4270-b7fc-7accbe7e989a_MALDI1,S
46b20e7e-d54b-49dd-acf2-f8074088e1a8_MALDI1,R
536f0868-a484-43ce-8b61-2c103d582e71_MALDI1,S
368a0fab-1d53-4a32-b12d-5ceece69f6ac_MALDI1,S
aa8e683f-fada-42d8-b6ea-befd83ecaf76_MALDI1,S
91d9dbda-498f-462c-ae0a-4a0f4fdcab72_MALDI1,S
e17ea040-4cce-49e8-9976-6f873da2338e_MALDI1,S
22126134-7edc-4519-bcfb-6c0613810c57_MALDI1,R
6890e5eb-dbec-464a-bcd3-d7b07467467e_MALDI1,S
f127be85-cd70-4a57-b687-079f559d9c71_MALDI1,S
c0aca833-036e-4e43-b7e2-7ef73bd413a3_MALDI1,S
95ac0a34-f211-49cb-a0fe-adc1c93a5f51_MALDI1,R
dab30366-571b-488f-8805-93a561bf7dd3_MALDI1,R
b623b75e-3ea8-4ef9-9d4f-b81953ae6afa_MALDI1,R
8d2cc11b-fcfc-4ae8-a61e-124a35545f09_MALDI1,R
091ca4c9-00a8-4771-b69b-9ea92aa34456_MALDI1,R
2d826c1a-2a24-4675-907b-7a4bbff0a02c_MALDI1,R
9868d0b5-9fbc-4456-815a-73533645e0cd_MALDI1,R
a3a3ed98-6fd1-484d-a5b2-9553351547e6_MALDI1,R
bbd3fd09-f6d8-4b99-a4c6-9250ba7806f3_MALDI1,S
4350b063-2df2-44e0-8416-f88e25f6743e_MALDI1,R
0d5b0b0d-4afe-4a42-8e10-a99a320efae7_MALDI1,R
d54d862f-813d-4e7d-b4b4-b4511b180794_MALDI1,R
dd63c47d-ad0d-4e57-9aa2-d47d0a1389b2_MALDI1,S
75c209fc-0205-4e29-9793-bc41358a5024_MALDI1,S
4847e634-5b43-4aeb-8f7b-6885226b95a1_MALDI1,R
94f2539d-37d2-4054-b472-99c3028f1a8b_MALDI1,S
5013e9fc-9f16-4555-a377-1fbf6dcd738a_MALDI1,R
6cd6878e-6414-454c-bb5b-c0859b7fc0bb_MALDI1,R
6285fbdc-e3d1-457e-922f-142b249342c5_MALDI1,S
26ff8954-59cc-46be-8108-9cc08587eb74_MALDI1,R
a35cf97f-b909-41c1-9000-447ef684ec3c_MALDI1,R
233be948-13aa-44e3-9aa9-cbb0cd6bcff3_MALDI1,R
1a0765f1-ff36-41ae-896e-adfbac19ed1b_MALDI1,R
6b8ae2a0-5e98-4f11-9cd4-1e954c82117a_MALDI1,R
398fbe23-72ef-4eac-97f6-4aee1ae00d3e_MALDI1,R
b718738e-7cf0-4770-9482-dd3d3447e84d_MALDI1,R
8aa7d0b3-e9df-499e-9dcf-f18d1fae4c7d_MALDI1,S
3dce86c7-976f-440b-a360-78f40e364daa_MALDI1,R
2a8a6f7f-3226-414a-b93e-171c86893fa9_MALDI1,S
f3ed9e30-896b-474b-a7c8-2c17e10e83a8_MALDI1,S
f0eb5692-1184-437f-8888-535a7f838ebc_MALDI1,S
3b8c0c1b-74d8-4145-99b2-f070e8f084aa_MALDI1,R
a1fb39ee-89a3-438f-9adc-a9858c7a827a_MALDI1,R
bbe077e9-ffa8-456c-ae16-d9d6bc0f63be_MALDI1,R
a4ddf32d-269b-48d2-93f9-386d3b83d251_MALDI1,R
7e421406-bfc5-43c3-9f5f-1e1978db8529_MALDI1,R
d4376b69-97ff-429f-800b-d5384ffc8e69_MALDI1,R
bff02452-d582-4cfc-b555-1cc04b182351_MALDI1,S
33c4d79f-0fc7-42d5-94c6-dfb57433c71e_MALDI1,S
e05bc38e-9fab-47ae-af79-2b072d66b47a_MALDI1,R
46df588d-7b4f-4c37-90ef-258b85cae762_MALDI1,R
c50f5883-7ceb-44f3-8eca-04655f9f2473_MALDI1,S
ec15c148-9ffd-40ee-867a-b1cd47841a66_MALDI1,S
40821efe-058a-4696-a8c1-556d8de79738_MALDI1,S
f54671bf-64b4-4e40-a91c-8830592f10a8_MALDI1,S
4a2e53f2-f1bf-4c2d-b1db-655db3a8e915_MALDI1,R
fc4737aa-4dcc-44b4-a34a-eb98a3375823_MALDI1,S
289049f8-6610-4fad-a4c9-b782919e1cee_MALDI1,R
1bfd6375-1760-4c5e-8e0e-ebeeee394eaf_MALDI1,S
6909856e-ee16-4a49-bf3b-ca8938314412_MALDI1,R
714d3459-7b76-436b-a21c-82c8796ca618_MALDI1,R
81cd1819-1818-45b6-976e-70bb3c0438c6_MALDI1,R
3acfa8aa-6a65-4039-91dd-dabcee05fff6_MALDI1,S
c2454bbd-047a-49cf-8253-fcbee1374f16_MALDI1,R
967103ed-7d71-4b53-93f4-f61608ed9bb8_MALDI1,S
6dece184-f8b3-4a84-be5e-1f78441ee926_MALDI1,S
94a7a533-55a8-4e84-892e-f5c04d2aebad_MALDI1,R
c0d19417-923d-4542-9b26-6775479335fd_MALDI1,S
2a4a8e5d-231c-4377-ab5f-9a280627a86e_MALDI1,R
4781da50-c877-45da-8464-09bad016258f_MALDI1,R
3a2f6c95-825f-4fc7-a351-a7069cb22c67_MALDI1,S
3dbcd560-0712-44b4-84de-08fb643075a5_MALDI1,R
26d77ebf-11f3-44bd-a0fd-46c3dea8c87b_MALDI1,R
b2dbbc10-ed55-46d0-8038-80d6eb3ee716_MALDI1,S
b9c06b29-6d16-4d4a-8f2d-e1e60717a174_MALDI1,R
6472fb34-28fc-4aba-a1e5-04b7f4e78f5f_MALDI1,R
bb82f6f1-4771-42e7-9c35-7376643b52ca_MALDI1,S
4d2dd9aa-80b7-4ce7-9564-fcabecd2f41c_MALDI1,S
6c6be272-d6ce-4a5b-83ae-a4dc75e9834b_MALDI1,S
ddafaf51-be5c-4dfe-8b44-1eb99c8bf3b5_MALDI1,S
3da1944b-5ce3-4eec-aae0-e381d22a1c2a_MALDI1,R
0a32fc22-9666-4595-8292-23570810cbc3_MALDI1,R
3eb8256f-480c-4775-818d-b0855c4dc6a1_MALDI1,S
d5cdd575-16b7-4f8e-bc7d-044f487909f3_MALDI1,S
9d14363c-c8db-4f40-958c-030656b8f3f4_MALDI1,S
f586f88c-a24f-46d2-a064-59fcd39b9409_MALDI1,S
5883b9ad-0f09-4c9d-a3e9-af1bda3651c9_MALDI1,S
c1087b06-3bf0-463c-bbb2-c79655834ea8_MALDI1,S
34827390-14b5-47be-b6e6-957b3599dc3f_MALDI1,S
5eeb7129-e8fa-4cf5-a793-52af7dafd7a9_MALDI1,S
b08b53b7-56e3-45b5-8080-bdf9da7149ff_MALDI1,S
c78297bc-5df7-44f3-ada6-7b3dcdcbdcec_MALDI1,R
b11057a7-43a2-4f68-a48d-972dfb94899c_MALDI1,R
5c47d51b-28d4-46cf-9054-5ea5028b0cc5_MALDI1,R
11191cfc-0ab8-4a67-812e-f3c26f155df4_MALDI1,R
1b7edde1-6b7d-4fd0-ba40-7bf4a7cb3578_MALDI1,S
54ea1866-0cf6-48bc-8c28-44dc0209dd9b_MALDI1,S
e3176117-8181-42ff-887f-325f55f8f4e4_MALDI1,R
a52c0ee6-7b95-4184-addf-37b320a914d2_MALDI1,R
a0068df1-cc8d-4516-a053-11c60ae41544_MALDI1,S
ee17d539-6489-4e43-afe2-308016577516_MALDI1,S
ca3926c3-253e-4071-bfb0-33fbd70520e5_MALDI1,R
c83dee25-a165-49d1-a4e1-3136fb8021c5_MALDI1,S
92e8ec0d-ecd1-4c26-8464-5b4a7c60d076_MALDI1,R
4cd5b2d3-fbbb-4434-b140-98d3da979c67_MALDI1,S
678ae90d-d0f1-462d-a879-b2eb7ee1104e_MALDI1,S
b6a3ce4a-c965-4584-8c75-226c26238624_MALDI1,S
67df4766-f8af-4d53-8f0e-a1d66c43e088_MALDI1,S
b0131b8a-e696-4e40-90d1-126e0fca091d_MALDI1,S
c013f6de-b6f0-4d30-ba87-85a02f734cd0_MALDI1,S
f7c81184-5184-4947-bf6e-eedf938a818d_MALDI1,S
70fd58c6-debb-4fc4-9386-ce57ec4d3d31_MALDI1,S
dc1f7aad-06fb-4844-bd8b-e33a20ca3637_MALDI1,S
a4fc1979-b142-47ce-a4c5-3be01c6c0e95_MALDI1,S
64f9ec87-2f9e-432c-a1fc-e5d13c8f547f_MALDI1,R
e05d49b8-9f3d-4452-8bd9-41b22f8fecb9_MALDI1,R
bf87cce0-914d-4667-8a53-db100973455b_MALDI1,R
edafab3d-2c67-4e34-b73a-58eacb07ddf1_MALDI1,S
16cb1ab6-594f-40fc-ae22-07f6154cb41c_MALDI1,R
5487b069-ed4f-410c-b7b2-c98b1173479d_MALDI1,S
660bfad4-81d1-4914-a378-cb3dc4e773a6_MALDI1,S
6ea45067-22be-46dc-81fe-6f01d5ca554b_MALDI1,S
59324d32-9955-41e3-80db-ce96985d9614_MALDI1,R
7e6afa9f-d04f-4bf2-ad0d-8d56fedb9b77_MALDI1,R
311b1f7f-911c-4a5d-9b13-582d701b78a2_MALDI1,S
5e0b5054-20ed-419f-93ba-2de1ce51aca3_MALDI1,S
bafc3810-72bf-4583-bca4-421b1044c63b_MALDI1,S
179cede3-c07b-4658-8ee8-03d6d0ff0b10_MALDI1,S
8e8f994c-3b67-4d3f-b15e-acd668321c2e_MALDI1,S
b9a1be17-66aa-4731-bbcc-d24c4c36da1e_MALDI1,S
05b88157-2b6e-416a-8bc3-fc0ae27ced12_MALDI1,R
27e6da34-b4ba-4585-ac27-52bd79d0d3a8_MALDI1,R
65ee76fb-b6d2-49d2-b107-6f64dcff253b_MALDI1,S
9be4ba5c-9056-4828-9bae-64c130f91b1f_MALDI1,S
2cdeac58-4507-4807-b58c-d0296434b910_MALDI1,S
1201ec54-0797-42c7-9bd7-4613bffd29de_MALDI1,S
95b5d845-a9f4-4793-947b-0c422d608618_MALDI1,S
c8416a2a-e625-47a3-8a9e-b63052ad00da_MALDI1,S
68ce9177-3781-45a9-a599-e265263d9062_MALDI1,S
9d12526c-992f-417d-a1cc-65134fe15c46_MALDI1,S
1372ed39-5dfd-4608-8478-f1df536beab1_MALDI1,S
fe2f9d97-7cb9-4854-8165-a3967a8aaed8_MALDI1,R
3213d1a5-74b0-463d-a5fb-f0a5e7c788f5_MALDI1,S
61dc61e5-0d92-4460-bf94-812405a8099f_MALDI1,S
b117e9ec-4df7-4189-83cb-ef32a35c1f22_MALDI1,S
dec94a14-2e2e-4261-97a8-1c030f678c03_MALDI1,R
4bc14caf-6a38-4293-8b7e-811e5869c6dc_MALDI1,R
a9126a05-7d6c-49fc-8dd7-cb51687b56da_MALDI1,R
01729fcc-6c0c-4396-8f38-e5e76059410a_MALDI1,S
4feff083-10ca-4f08-bed3-21778606514c_MALDI1,R
a657af61-806c-4af6-bcbd-efdbcb9e708c_MALDI1,S
59535499-72b8-4cee-bc07-1555d452d1be_MALDI1,R
e84057ca-0d73-4ea5-ab8d-207a1ca6d2fe_MALDI1,S
58ed43dc-27b1-488e-babf-2d880319ab55_MALDI1,R
314031be-eb9c-46fc-ab5f-5218d6123192_MALDI1,S
c25179fa-62f7-41c5-a8af-a58949732997_MALDI1,R
4cd324e9-22f2-4774-a8ee-26cf0b34e34d_MALDI1,R
8e20a160-4f2e-4314-abe5-787513d1485e_MALDI1,S
52224fa6-8214-4740-9d9a-c9a8f9db9907_MALDI1,S
07a5bf31-56ff-4e11-979c-e621d48db6ca_MALDI1,S
dd7267a4-0257-48e8-b435-7e2b06e37f3d_MALDI1,R
9fe1fa30-2cdf-4e71-a78b-89b37db93680_MALDI1,R
315bd290-7829-443c-b661-6606554f3962_MALDI1,S
ebe46b0d-3a85-493f-b0a7-60e7c4870696_MALDI1,S
91ef13a4-f028-4520-97fa-530a0cdd5f50_MALDI1,S
0824b836-d5ec-4a5b-b3f4-13062c1b40a5_MALDI2,S
09bc9007-dd6e-41b2-ab2e-d97c14f80b12_MALDI2,R
1b8e1fc4-85c9-43a7-a1e9-3eb54b88d26b_MALDI2,S
f8348415-000e-4773-bf13-ed87e8e21930_MALDI2,S
aece57cf-29b8-4cde-bf39-83204d13f18b_MALDI2,S
884ebc5e-ff38-427f-8113-8452fcec90ee_MALDI2,S
0ff79792-8718-40bd-baa1-8e63c2c8e6dd_MALDI2,S
0db59990-9e5f-4a0b-9220-71c53a6f2882_MALDI2,S
1ecf8ca9-4939-4935-b23a-44e1fbb745ba_MALDI2,S
5b6d0898-1d05-457c-b9e6-d066f0ac869d_MALDI2,S
ad026bde-e8ad-439c-aff8-cf5220e4a8a3_MALDI2,S
cb860e32-1377-4680-9252-d0df56fa8366_MALDI2,S
dcfbb06f-34f5-478e-bde3-e86e9faa0839_MALDI2,R
312c21be-4cff-46f0-bc0a-28ff2c0e59e1_MALDI2,R
15ab170d-ceba-4fb3-8583-18604615b4c4_MALDI2,R
f0676b45-9a03-4852-8c4e-d8ea1cfffbdf_MALDI2,R
a9542af8-d2a9-46dd-aa42-cdc5cd0ba722_MALDI2,R
d187f8d5-a60a-40e9-9cfd-97c269b046dc_MALDI2,R
253c0c39-0f18-449c-ab17-23e3309d4122_MALDI2,R
d13e6bc8-409c-48e3-8f2e-7d0fcad8217a_MALDI2,R
78d09af8-a9b6-4a2c-aecc-b434aa140f19_MALDI2,R
7e49b428-8249-40ed-b0b4-912a6a9a35e9_MALDI2,R
a439ea0b-80e3-47d9-a5a9-4792ec0e10fb_MALDI2,R
c211c47c-1a84-4c20-b28d-565ec743a6f9_MALDI2,R
05499e19-2bfd-428c-8ce6-65c6ca3173fc_MALDI2,S
b6776b0b-fac1-4cab-aee9-662e1deb7287_MALDI2,S
c0fbc9d4-d01e-49f6-a61c-9ea5be3ee612_MALDI2,S
7a6d1b50-073b-4a96-ba02-1ec95488efac_MALDI2,S
482df409-fcff-4144-acc4-206d04d0fb3d_MALDI2,R
e4968064-70cc-4ae5-939e-555b8042d879_MALDI2,R
d44a43bf-30b5-4916-b09c-8348815bce0e_MALDI2,S
f3111491-03bb-4b32-891d-c6dfb80b80d0_MALDI2,S
8c64443b-4c60-48f1-b3c0-9cb59ea1b074_MALDI2,S
fe2a889d-0c96-4c67-a6c1-42cf35e013d0_MALDI2,S
3c7730b9-f3c0-4e3b-8b55-9963f3b5dab8_MALDI2,S
779c68c5-588c-406e-8462-b58058a801c4_MALDI2,S
ff776689-2112-4236-82d1-ca1dde5284d3_MALDI2,R
2334b925-cb70-4252-a1b4-5b4dee7c1271_MALDI2,S
6414a3b0-a714-42b5-b536-ed356b21a417_MALDI2,R
cd3dea98-d6fd-4397-b3fd-ab58ad69f7a9_MALDI2,S
fb6ad6fd-3b39-439e-ac97-34e50a73cbbd_MALDI2,R
7c23f528-b7a2-4d3b-a235-d45e1fe5b082_MALDI2,R
981f5767-74d3-447b-94bf-8819bd28cdef_MALDI2,S
9058ba89-a806-4b8e-8a04-d372920fed5c_MALDI2,S
c1610ea5-f0cd-4d25-ace4-4f59b068fab4_MALDI2,S
750bbcf3-ab90-4392-be80-37bfd686ff0d_MALDI2,R
567d72ad-6d2c-42d5-9dff-cd53d6036831_MALDI2,R
51309875-a559-4051-bc43-4ad134236e67_MALDI2,R
1ce14d99-d4a7-47ec-90e5-7e5a381eb5e7_MALDI2,R
178e1bac-d0ff-4bf4-bcc5-80dee50b7ea8_MALDI2,S
bd16cfc3-bb0e-49f7-8a47-77b732512eba_MALDI2,R
1e3aabb7-ed33-4507-b4e6-c14e627164ee_MALDI2,S
b4f8a91e-7eb3-436d-b653-32125c9b886e_MALDI2,S
a72e351e-ff6c-406b-9449-5a6dd6b51fc3_MALDI2,R
106fba2f-febf-45dd-9428-c9629920171d_MALDI2,S
f3811eea-92ce-4cc0-9e97-31524f324ebc_MALDI2,S
791c6398-6be9-4e5e-8155-588c23963f61_MALDI2,S
275c4d23-9e00-4235-8676-83009df9f43e_MALDI2,S
21380493-820f-4895-a9fd-201156d6af67_MALDI2,S
1ab2a700-150f-48d3-8813-33273fe4a217_MALDI2,S
99c162b7-df9c-43fd-8716-5e75a233df29_MALDI2,S
1bb4996f-047d-4c89-82f5-de20f7b14406_MALDI2,S
93024652-5606-4ab0-9f27-c3b5b596b7b0_MALDI2,S
8e34a146-2ca7-4c59-884d-e94dc7252280_MALDI2,R
b09ac8cb-baec-4ed5-aa68-e65ae0b11d86_MALDI2,R
238526b7-f825-435d-9a95-48068ef75fb1_MALDI2,R
78a2506b-ad48-4958-bd4e-57f3ca846240_MALDI2,R
c5f6c9a8-6c1b-435e-b1ee-72df5ef5d809_MALDI2,S
39e2d394-1a50-47c4-a847-55cc41c4c99c_MALDI2,R
8b8ef27e-b573-48cf-98b1-a953620495a4_MALDI2,S
9c3e87c2-ba5f-41fa-91a0-f63823abd30d_MALDI2,S
bdb721ae-8eac-4872-b6b5-d9e22d19aa4c_MALDI2,S
23619883-5d60-40fd-aee0-e1b3d811c508_MALDI2,S
14862b19-6115-4ff9-9a65-578c403eb185_MALDI2,R
edcaa7c3-a0e8-4648-9b1b-7c90fda86980_MALDI2,S
d5c3ad73-c211-44f8-909d-a016be36637b_MALDI2,S
78512696-0b5f-43d3-8191-11b4ae402270_MALDI2,R
88dc20b1-3e6b-40af-ab56-6dc1e434bdf4_MALDI2,S
27964a9f-c475-4267-bda2-e9f3a0c80716_MALDI2,R
aba2a3f4-bb46-450a-a3a7-6f622cedc192_MALDI2,R
c02e7a40-2eea-4c34-92a9-a9454635b47d_MALDI2,R
252c3718-e25b-4a8a-83f8-c6dc50ed1da8_MALDI2,S
07808bca-d937-45ac-a15f-2f6d800eac01_MALDI2,S
86e7e679-8d7b-4d4a-bed6-daf81be8d7ff_MALDI2,S
fe4ee368-93aa-4cf2-9348-e96f71e491a1_MALDI2,S
5079384a-69d5-44f9-8f47-fc3cc916fa1a_MALDI2,S
3f088f13-0f98-43ea-aa68-2c31974a258b_MALDI2,R
363af611-25e5-44cc-88b7-c7e16eccf277_MALDI2,R
7fe6981c-e8a9-4c85-95e2-e6dc7efa0c50_MALDI2,R
df00288a-d1b7-4371-a189-82f9bc51fa8e_MALDI2,S
5b473912-06ec-4150-abd2-2df1066058df_MALDI2,R
6849c508-f231-438f-ba9f-41dd5f2cf28b_MALDI2,S
df6ff3a5-d29c-41ee-b0dd-331070bb7ae4_MALDI2,R
53c60448-a27d-4d3c-9a16-49f3d4a9bdf5_MALDI2,R
a40b8578-9890-4e81-91ac-6809a959caf0_MALDI2,S
2cd54762-1e21-4883-8f15-c64845484c40_MALDI2,R
72569646-f128-476f-8348-27f177a0e3d9_MALDI2,R
b32a0c25-543a-4c68-911e-eafbe8555ff3_MALDI2,R
1d56c4d6-bc3a-481b-8b42-3e6b2849312a_MALDI2,R
bc4b1ff1-7651-4c48-a2e2-c5ed4fac6fe1_MALDI2,R
63086702-2bc9-4151-86b0-bbc0c77fe050_MALDI2,R
65861857-3fa1-4087-8a52-a65b1da0d27a_MALDI2,R
fabdd43e-7f1a-4e2c-96c8-8cab2600463e_MALDI2,S
9fe7707c-5513-45e7-a242-51b70351d870_MALDI2,S
b0248abf-b5a5-4664-bd8c-89ffca7c43a5_MALDI2,R
2abde979-e038-47a8-a718-e46da583551a_MALDI2,R
00c24a3d-1924-4943-aa85-fa8200f9e067_MALDI2,R
c8adb0d7-509f-46ac-a88a-61d93267936f_MALDI2,R
22582f65-e0ea-4001-a94b-bf863fefa6c6_MALDI2,R
02ddd349-9f34-4357-b9b3-ab3960793709_MALDI2,S
ed562c49-7cac-4bd5-ae5d-998eb5c45058_MALDI2,S
68f85dd6-4001-4f6f-9dca-7672c808811c_MALDI2,S
028382a3-5c90-4b24-bb7a-354c7e3e6f11_MALDI2,S
3157b18f-532a-427f-9c25-45caf8e0b7b4_MALDI2,S
1674810b-1d54-464c-866c-94bcebb2fcaa_MALDI2,S
659df0d4-5a04-476c-8c6b-9df5ce3272fc_MALDI2,S
254e3371-8f50-4012-9885-4e6fff6a8252_MALDI2,R
8c171c1f-3556-4a16-856e-c2a0357a1789_MALDI2,R
a7b27e1a-bfbf-4820-be93-4856f913d5b7_MALDI2,R
15e7317d-e1a6-4c63-93c8-d8334d03dc92_MALDI2,R
f7ac898f-ab4d-4e0e-b32d-91e02891ccfb_MALDI2,R
bf1c4368-5c30-43cd-9cfe-081344ff593f_MALDI2,R
e29bbfc0-c79f-4f6a-9e60-db0568343410_MALDI2,R
b7ae2757-126b-4706-8cff-f4e0fe34f1aa_MALDI2,S
f2638aab-2ded-49f5-885e-90ab3898dfd1_MALDI2,S
4ffa7b91-029b-4e8c-ad40-b1e28c95398a_MALDI2,R
55dff3e3-7963-4449-b4fb-19cc5675452a_MALDI2,S
b66cbe39-d0d1-49ba-a4bb-00d54ae94ff7_MALDI2,S
fa272f00-8aa2-4e29-bf53-099b709afe81_MALDI2,R
5d6921f9-d47f-49f2-92ed-eaef2acbfc3e_MALDI2,S
136d5540-fc6c-4262-ab20-ca3323ea2176_MALDI2,S
7356efd9-d1ff-46fc-a29c-14e799a84f57_MALDI2,S
f555044b-c3d2-4738-b563-7eb36aab7cec_MALDI2,S
a5054e02-c20e-464f-82d4-f6231340d3a4_MALDI2,R
c6f460f7-e074-4d7e-a46f-43e730cd4b27_MALDI2,S
17a062a0-3777-44e9-8eec-ca1a71c04aea_MALDI2,S
0c89a3a4-04e4-47f0-af4c-04b0f615ab40_MALDI2,R
b165ed72-5933-4891-b9b9-8bdda6a540b9_MALDI2,S
f9a32ed4-f12d-4721-b04c-77d6ebde90b4_MALDI2,S
e2b7da4b-52cb-4106-a054-5da84bf5a4b5_MALDI2,S
9c728c7c-da7d-4b89-9b4d-f1935bfd739f_MALDI2,R
6f33f55b-d4b7-49dc-b5f0-7dcaf5dde902_MALDI2,S
37ae0300-447f-467a-9fce-ef3a26190a5d_MALDI2,R
033826e0-bc64-4e55-b6a6-7473a287e118_MALDI2,R
1b8e9aa3-fbc0-40ff-a129-45f7acb112af_MALDI2,R
4bc7d83c-fcb2-4516-b28e-e60ef11656d9_MALDI2,R
91024fad-47d3-4678-9c44-42a84a632da1_MALDI2,R
4ff3f136-ff9c-411f-8593-d2b8dcd7ade7_MALDI2,S
61a0df88-cbcb-4c6a-8ed7-c1d3d6a49269_MALDI2,S
357dc502-3528-408f-95db-26929314b879_MALDI2,S
780f0263-d10f-4306-9a55-5ceae213a3d7_MALDI2,R
f135131b-a9f0-4a5b-841e-ea4493063914_MALDI2,S
